Timestamp,Dataset Version,Model Version,Total Pipeline Time (ms),Prediction Latency (ms),SHAP Time (ms)
2026-09-02T10:07:35.700157Z,v1000,RF_v1000,10.444765090942383,0.5538463592529297,4.890918731689453
2026-09-03T05:23:06.579931Z,v1000,RF_v1000,41.95368766784668,0.5424022674560547,36.411285400390625
2026-09-03T05:23:06.819272Z,v1000,RF_v1000,15.01882553100586,0.5316734313964844,9.487152099609375
2026-09-03T05:23:07.019850Z,v1000,RF_v1000,13.751153945922852,0.5304813385009766,8.220672607421875
2026-09-03T05:23:07.206597Z,v1000,RF_v1000,15.89334487915039,0.5323886871337891,10.360956192016602
2026-09-03T05:23:07.405387Z,v1000,RF_v1000,15.72382926940918,0.54931640625,10.17451286315918
2026-09-03T05:23:07.607174Z,v1000,RF_v1000,16.506080627441406,0.5307197570800781,10.975360870361328
2026-09-03T05:23:07.806902Z,v1000,RF_v1000,15.031700134277344,0.5395412445068359,9.492158889770508
2026-09-03T05:23:08.017677Z,v1000,RF_v1000,14.120464324951172,0.5390644073486328,8.581399917602539
2026-09-03T05:23:08.243935Z,v1000,RF_v1000,15.368585586547852,0.5385875701904297,9.829998016357422
2026-09-03T05:23:08.442452Z,v1000,RF_v1000,17.226581573486328,0.5443096160888672,11.682271957397461
2026-09-03T05:23:08.664529Z,v1000,RF_v1000,15.490894317626953,1.1186599731445312,9.372234344482422
2026-09-03T05:23:08.887532Z,v1000,RF_v1000,14.982585906982422,0.751495361328125,9.231090545654297
2026-09-03T05:23:09.092285Z,v1000,RF_v1000,14.305953979492188,0.537872314453125,8.768081665039062
2026-09-03T05:23:09.309685Z,v1000,RF_v1000,14.90915298461914,1.093149185180664,8.816003799438477
2026-09-03T05:23:09.512339Z,v1000,RF_v1000,14.746551513671875,0.5366802215576172,9.209871292114258
2026-09-03T05:23:09.726373Z,v1000,RF_v1000,13.873224258422852,0.553131103515625,8.320093154907227
2026-09-03T05:23:09.943629Z,v1000,RF_v1000,15.00666618347168,0.5402565002441406,9.466409683227539
2026-09-03T05:23:10.158354Z,v1000,RF_v1000,15.020256042480469,0.5426406860351562,9.477615356445312
2026-09-03T05:23:10.365145Z,v1000,RF_v1000,15.947704315185547,1.100301742553711,9.847402572631836
2026-09-03T05:23:10.593503Z,v1000,RF_v1000,14.282588958740234,1.0709762573242188,8.211612701416016
2026-09-03T05:23:10.810086Z,v1000,RF_v1000,14.982824325561523,0.5524158477783203,9.430408477783203
2026-09-03T05:23:11.026916Z,v1000,RF_v1000,12.534980773925781,0.5409717559814453,6.994009017944336
2026-09-03T05:23:11.241618Z,v1000,RF_v1000,14.124755859375,0.5431175231933594,8.58163833618164
2026-09-03T05:23:11.464938Z,v1000,RF_v1000,13.065938949584961,0.5290508270263672,7.536888122558594
2026-09-03T05:23:11.707836Z,v1000,RF_v1000,14.009599685668945,0.5376338958740234,8.471965789794922
2026-09-03T05:23:11.947109Z,v1000,RF_v1000,13.624553680419922,0.5381107330322266,8.086442947387695
2026-09-03T05:23:12.189931Z,v1000,RF_v1000,15.240316390991211,0.5393028259277344,9.701013565063477
2026-09-03T05:23:12.443134Z,v1000,RF_v1000,14.295940399169922,0.5323886871337891,8.763551712036133
2026-09-03T05:23:12.678926Z,v1000,RF_v1000,14.19961929321289,0.5452632904052734,8.654356002807617
2026-09-03T05:23:12.921148Z,v1000,RF_v1000,16.034250259399414,1.1053085327148438,9.92894172668457
2026-09-03T05:23:13.166340Z,v1000,RF_v1000,14.418010711669922,0.5822181701660156,8.835792541503906
2026-09-03T05:23:13.411128Z,v1000,RF_v1000,14.722471237182617,0.5207061767578125,9.201765060424805
2026-09-03T05:23:13.664959Z,v1000,RF_v1000,14.849071502685547,1.0840892791748047,8.764982223510742
2026-09-03T05:23:13.922745Z,v1000,RF_v1000,16.010408401489258,1.2471675872802734,9.763240814208984
2026-09-03T05:23:14.173584Z,v1000,RF_v1000,16.144399642944336,1.0788440704345703,10.065555572509766
2026-09-03T05:23:14.426585Z,v1000,RF_v1000,15.297298431396484,0.5271434783935547,9.77015495300293
2026-09-03T05:23:14.687042Z,v1000,RF_v1000,15.76197624206543,0.5402565002441406,10.221719741821289
2026-09-03T05:23:14.946747Z,v1000,RF_v1000,15.475635528564453,0.5335807800292969,9.942054748535156
2026-09-03T05:23:15.208997Z,v1000,RF_v1000,14.686708450317383,0.5414485931396484,9.145259857177734
2026-09-03T05:23:15.479181Z,v1000,RF_v1000,14.889364242553711,0.6525516510009766,9.236812591552734
2026-09-03T05:23:15.752378Z,v1000,RF_v1000,14.98234748840332,0.5412101745605469,9.441137313842773
2026-09-03T05:23:16.028275Z,v1000,RF_v1000,15.368585586547852,0.5290508270263672,9.839534759521484
2026-09-03T05:23:16.308385Z,v1000,RF_v1000,15.328054428100586,0.5409717559814453,9.78708267211914
2026-09-03T05:23:16.576394Z,v1000,RF_v1000,14.166240692138672,1.0728836059570312,8.09335708618164
2026-09-03T05:23:16.837766Z,v1000,RF_v1000,13.691549301147461,0.5319118499755859,8.159637451171875
2026-09-03T05:23:17.098409Z,v1000,RF_v1000,17.48621940612793,0.5505084991455078,11.935710906982422
2026-09-03T05:23:17.362391Z,v1000,RF_v1000,14.234428405761719,0.5407333374023438,8.693695068359375
2026-09-03T05:23:17.640266Z,v1000,RF_v1000,14.914398193359375,0.5588531494140625,9.355545043945312
2026-09-03T05:23:17.918916Z,v1000,RF_v1000,14.833574295043945,0.5350112915039062,9.298563003540039
2026-09-03T05:23:18.211041Z,v1000,RF_v1000,13.590221405029297,0.5362033843994141,8.054018020629883
2026-09-03T05:23:18.502779Z,v1000,RF_v1000,15.213851928710938,1.0623931884765625,9.151458740234375
2026-09-03T05:23:18.799707Z,v1000,RF_v1000,14.37509536743164,0.54168701171875,8.83340835571289
2026-09-03T05:23:19.077871Z,v1000,RF_v1000,14.698629379272461,0.5362033843994141,9.162425994873047
2026-09-03T05:23:19.354081Z,v1000,RF_v1000,13.930444717407227,0.5314350128173828,8.399009704589844
2026-09-03T05:23:19.889910Z,v1000,RF_v1000,13.723258972167969,0.5245208740234375,8.198738098144531
2026-09-03T05:23:20.163512Z,v1000,RF_v1000,14.29403305053711,1.0676383972167969,8.226394653320312
2026-09-03T05:23:20.432884Z,v1000,RF_v1000,14.838342666625977,0.5342960357666016,9.304046630859375
2026-09-03T05:23:20.710864Z,v1000,RF_v1000,13.62431526184082,0.5290508270263672,8.095264434814453
2026-09-03T05:23:20.955246Z,v1000,RF_v1000,14.258747100830078,0.5548000335693359,8.703947067260742
2026-09-03T05:23:21.208573Z,v1000,RF_v1000,13.748292922973633,0.5364418029785156,8.211851119995117
2026-09-03T05:23:21.497852Z,v1000,RF_v1000,13.655548095703125,0.5478858947753906,8.107662200927734
2026-09-03T05:23:21.779941Z,v1000,RF_v1000,14.433746337890625,0.5428791046142578,8.890867233276367
2026-09-03T05:23:22.078183Z,v1000,RF_v1000,14.851694107055664,0.545501708984375,9.306192398071289
2026-09-03T05:23:22.384498Z,v1000,RF_v1000,13.640050888061523,0.5319118499755859,8.108139038085938
2026-09-03T05:23:22.665794Z,v1000,RF_v1000,14.295940399169922,0.5304813385009766,8.765459060668945
2026-09-03T05:23:22.947664Z,v1000,RF_v1000,13.777141571044922,0.5397796630859375,8.237361907958984
2026-09-03T05:23:23.206153Z,v1000,RF_v1000,14.337425231933594,0.5590915679931641,8.77833366394043
2026-09-03T05:23:23.486002Z,v1000,RF_v1000,13.688926696777344,0.537872314453125,8.151054382324219
2026-09-03T05:23:23.764716Z,v1000,RF_v1000,14.884357452392578,0.54168701171875,9.342670440673828
2026-09-03T05:23:24.059865Z,v1000,RF_v1000,16.325359344482422,0.5629062652587891,10.762453079223633
2026-09-03T05:23:24.361465Z,v1000,RF_v1000,13.76617431640625,0.5445480346679688,8.221626281738281
2026-09-03T05:23:24.650581Z,v1000,RF_v1000,13.85629653930664,0.5443096160888672,8.311986923217773
2026-09-03T05:23:24.929332Z,v1000,RF_v1000,13.584260940551758,0.5257129669189453,8.058547973632812
2026-09-03T05:23:25.190141Z,v1000,RF_v1000,13.215904235839844,0.0,8.215904235839844
2026-09-03T05:23:25.491754Z,v1000,RF_v1000,13.755922317504883,0.5323886871337891,8.223533630371094
2026-09-03T05:23:25.784473Z,v1000,RF_v1000,14.824514389038086,0.5364418029785156,9.28807258605957
2026-09-03T05:23:26.084673Z,v1000,RF_v1000,14.140253067016602,0.5288124084472656,8.611440658569336
2026-09-03T05:23:26.394642Z,v1000,RF_v1000,13.114337921142578,0.5252361297607422,7.589101791381836
2026-09-03T05:23:26.667305Z,v1000,RF_v1000,19.208555221557617,0.5476474761962891,13.660907745361328
2026-09-03T05:23:26.962416Z,v1000,RF_v1000,14.312152862548828,0.5393028259277344,8.772850036621094
2026-09-03T05:23:27.271715Z,v1000,RF_v1000,14.466886520385742,0.5412101745605469,8.925676345825195
2026-09-03T05:23:27.582871Z,v1000,RF_v1000,14.32002067565918,0.5433559417724609,8.776664733886719
2026-09-03T05:23:27.886866Z,v1000,RF_v1000,17.630939483642578,0.5474090576171875,12.08353042602539
2026-09-03T05:23:28.212406Z,v1000,RF_v1000,13.718252182006836,0.5526542663574219,8.165597915649414
2026-09-03T05:23:28.521271Z,v1000,RF_v1000,13.846521377563477,0.5481243133544922,8.298397064208984
2026-09-03T05:23:28.821182Z,v1000,RF_v1000,13.640050888061523,0.5435943603515625,8.096456527709961
2026-09-03T05:23:29.116972Z,v1000,RF_v1000,12.637500762939453,0.5404949188232422,7.097005844116211
2026-09-03T05:23:29.414369Z,v1000,RF_v1000,14.151697158813477,1.0766983032226562,8.07499885559082
2026-09-03T05:23:29.720153Z,v1000,RF_v1000,13.109807968139648,0.5350112915039062,7.574796676635742
2026-09-03T05:23:30.047238Z,v1000,RF_v1000,13.653640747070312,0.5414485931396484,8.112192153930664
2026-09-03T05:23:30.354834Z,v1000,RF_v1000,14.877920150756836,1.0852813720703125,8.792638778686523
2026-09-03T05:23:30.693013Z,v1000,RF_v1000,13.769512176513672,0.5586147308349609,8.210897445678711
2026-09-03T05:23:30.989439Z,v1000,RF_v1000,13.721590042114258,0.5397796630859375,8.18181037902832
2026-09-03T05:23:31.318829Z,v1000,RF_v1000,13.715152740478516,0.5311965942382812,8.183956146240234
2026-09-03T05:23:31.632219Z,v1000,RF_v1000,13.721590042114258,0.6592273712158203,8.062362670898438
2026-09-03T05:23:31.960285Z,v1000,RF_v1000,14.86337661743164,1.0786056518554688,8.784770965576172
2026-09-03T05:23:32.285709Z,v1000,RF_v1000,14.942054748535156,0.5369186401367188,9.405136108398438
2026-09-03T05:23:32.624815Z,v1000,RF_v1000,15.650396347045898,0.5507469177246094,10.099649429321289
2026-09-03T05:23:32.927708Z,v1000,RF_v1000,13.816957473754883,0.5478858947753906,8.269071578979492
2026-09-03T05:23:33.234774Z,v1000,RF_v1000,14.779930114746094,0.5426406860351562,9.237289428710938
2026-09-04T06:01:21.804052Z,v1000,RF_v1000,35.416250228881836,0.5342960357666016,29.881954193115234
2026-09-04T08:18:25.354646Z,v1000,RF_v1000,32.94146537780762,0.5400180816650391,27.401447296142578
2026-09-06T07:19:17.546137Z,v1000,RF_v1000,42.15372085571289,0.5414485931396484,36.61227226257324
2026-09-06T07:24:06.558129Z,v1000,RF_v1000,15.97416877746582,0.5333423614501953,10.440826416015625
2026-09-06T07:24:16.226058Z,v1000,RF_v1000,14.280920028686523,0.5445480346679688,8.736371994018555
2026-09-06T07:24:16.564541Z,v1000,RF_v1000,13.071422576904297,0.5435943603515625,7.527828216552734
2026-09-06T07:24:16.894661Z,v1000,RF_v1000,13.180856704711914,0.5450248718261719,7.635831832885742
2026-09-06T07:24:17.262169Z,v1000,RF_v1000,13.203983306884766,0.6601810455322266,7.543802261352539
2026-09-06T07:24:17.600298Z,v1000,RF_v1000,15.927677154541016,1.0590553283691406,9.868621826171875
2026-09-06T07:24:17.953638Z,v1000,RF_v1000,13.310317993164062,0.5414485931396484,7.768869400024414
2026-09-06T07:24:18.286152Z,v1000,RF_v1000,13.706331253051758,1.1072158813476562,7.599115371704102
2026-09-06T07:24:18.642516Z,v1000,RF_v1000,14.216547012329102,0.5285739898681641,8.687973022460938
2026-09-06T07:24:19.001391Z,v1000,RF_v1000,13.755207061767578,0.5450248718261719,8.210182189941406
2026-09-06T07:24:19.362352Z,v1000,RF_v1000,13.095741271972656,0.5476474761962891,7.548093795776367
2026-09-06T07:24:19.719353Z,v1000,RF_v1000,13.052825927734375,0.5364418029785156,7.516384124755859
2026-09-06T07:24:20.060030Z,v1000,RF_v1000,12.602453231811523,0.5388259887695312,7.063627243041992
2026-09-06T07:24:20.429198Z,v1000,RF_v1000,13.148431777954102,0.5354881286621094,7.612943649291992
2026-09-06T07:24:20.788712Z,v1000,RF_v1000,13.629083633422852,0.5424022674560547,8.086681365966797
2026-09-06T07:24:21.153186Z,v1000,RF_v1000,13.199453353881836,0.5400180816650391,7.659435272216797
2026-09-06T07:24:21.508155Z,v1000,RF_v1000,14.862184524536133,1.0797977447509766,8.782386779785156
2026-09-06T07:24:21.882487Z,v1000,RF_v1000,13.137226104736328,0.5400180816650391,7.597208023071289
2026-09-06T07:24:22.251067Z,v1000,RF_v1000,14.237051010131836,1.0912418365478516,8.145809173583984
2026-09-06T07:24:22.634065Z,v1000,RF_v1000,14.344100952148438,0.5435943603515625,8.800506591796875
2026-09-06T07:24:23.132086Z,v1000,RF_v1000,14.295225143432617,0.5426406860351562,8.752584457397461
2026-09-06T07:24:23.498905Z,v1000,RF_v1000,12.202625274658203,0.0,7.202625274658203
2026-09-06T07:24:23.809807Z,v1000,RF_v1000,13.800268173217773,0.5331039428710938,8.26716423034668
2026-09-06T07:24:24.152218Z,v1000,RF_v1000,14.380340576171875,0.5297660827636719,8.850574493408203
2026-09-06T07:24:24.522666Z,v1000,RF_v1000,14.33837890625,0.5593299865722656,8.779048919677734
2026-09-06T07:24:24.896188Z,v1000,RF_v1000,13.722782135009766,1.069784164428711,7.652997970581055
2026-09-06T07:24:25.261204Z,v1000,RF_v1000,13.7890625,1.0764598846435547,7.712602615356445
2026-09-06T07:24:25.608117Z,v1000,RF_v1000,12.533550262451172,0.5409717559814453,6.992578506469727
2026-09-06T07:24:25.951824Z,v1000,RF_v1000,13.211851119995117,0.5428791046142578,7.668972015380859
2026-09-06T07:24:26.315493Z,v1000,RF_v1000,13.70656967163086,1.1181831359863281,7.588386535644531
2026-09-06T07:24:26.678994Z,v1000,RF_v1000,13.580684661865234,0.5383491516113281,8.042335510253906
2026-09-06T07:24:27.048645Z,v1000,RF_v1000,14.262323379516602,0.5323886871337891,8.729934692382812
2026-09-06T07:24:27.421260Z,v1000,RF_v1000,13.112430572509766,0.5357265472412109,7.576704025268555
2026-09-06T07:24:27.782468Z,v1000,RF_v1000,12.616519927978516,0.5328655242919922,7.083654403686523
2026-09-06T07:24:28.151220Z,v1000,RF_v1000,13.713722229003906,0.5331039428710938,8.180618286132812
2026-09-06T07:24:28.512406Z,v1000,RF_v1000,13.200883865356445,0.5362033843994141,7.664680480957031
2026-09-06T07:24:28.901413Z,v1000,RF_v1000,13.052825927734375,0.5319118499755859,7.520914077758789
2026-09-06T07:24:29.295948Z,v1000,RF_v1000,13.652925491333008,0.5395412445068359,8.113384246826172
2026-09-06T07:24:29.688488Z,v1000,RF_v1000,13.135318756103516,0.5447864532470703,7.590532302856445
2026-09-06T07:24:30.029078Z,v1000,RF_v1000,12.60960578918457,0.5338191986083984,7.075786590576172
2026-09-06T07:24:30.371219Z,v1000,RF_v1000,13.110761642456055,0.5619525909423828,7.548809051513672
2026-09-06T07:24:30.774490Z,v1000,RF_v1000,13.845090866088867,0.5350112915039062,8.310079574584961
2026-09-06T07:24:31.176881Z,v1000,RF_v1000,12.616043090820312,0.5354881286621094,7.080554962158203
2026-09-06T07:24:31.583984Z,v1000,RF_v1000,13.091926574707031,0.5269050598144531,7.565021514892578
2026-09-06T07:24:31.950369Z,v1000,RF_v1000,13.151531219482422,0.5435943603515625,7.607936859130859
2026-09-06T07:24:32.334325Z,v1000,RF_v1000,13.08095932006836,0.5385875701904297,7.54237174987793
2026-09-06T07:24:32.678725Z,v1000,RF_v1000,12.455825805664062,0.5118846893310547,6.943941116333008
2026-09-06T07:24:33.090109Z,v1000,RF_v1000,14.340524673461914,0.5433559417724609,8.797168731689453
2026-09-06T07:24:33.496159Z,v1000,RF_v1000,14.416818618774414,0.5562305450439453,8.860588073730469
2026-09-06T07:24:33.948571Z,v1000,RF_v1000,13.24880599975586,0.5333423614501953,7.715463638305664
2026-09-06T07:24:34.341948Z,v1000,RF_v1000,13.228778839111328,0.5412101745605469,7.687568664550781
2026-09-06T07:24:34.752730Z,v1000,RF_v1000,13.173704147338867,0.5617141723632812,7.611989974975586
2026-09-06T07:24:35.150466Z,v1000,RF_v1000,13.235454559326172,0.5636215209960938,7.671833038330078
2026-09-06T07:24:35.563642Z,v1000,RF_v1000,13.643388748168945,0.54931640625,8.094072341918945
2026-09-06T07:24:35.968167Z,v1000,RF_v1000,13.234739303588867,0.5481243133544922,7.686614990234375
2026-09-06T07:24:36.535788Z,v1000,RF_v1000,12.747650146484375,0.5381107330322266,7.209539413452148
2026-09-06T07:24:36.933421Z,v1000,RF_v1000,14.306907653808594,1.0800361633300781,8.226871490478516
2026-09-06T07:24:37.302001Z,v1000,RF_v1000,12.591962814331055,0.6365776062011719,6.955385208129883
2026-09-06T07:24:37.742859Z,v1000,RF_v1000,13.176326751708984,0.5483627319335938,7.627964019775391
2026-09-06T07:24:38.164812Z,v1000,RF_v1000,16.902809143066406,0.5369186401367188,11.365890502929688
2026-09-06T07:24:38.594787Z,v1000,RF_v1000,13.139610290527344,0.5321502685546875,7.607460021972656
2026-09-06T07:24:38.989422Z,v1000,RF_v1000,12.880687713623047,1.0967254638671875,6.783962249755859
2026-09-06T07:24:39.352127Z,v1000,RF_v1000,13.778572082519531,0.0,8.778572082519531
2026-09-06T07:24:39.793126Z,v1000,RF_v1000,13.83936882019043,0.5199909210205078,8.319377899169922
2026-09-06T07:24:40.209398Z,v1000,RF_v1000,14.234428405761719,0.5178451538085938,8.716583251953125
2026-09-06T07:24:40.639098Z,v1000,RF_v1000,14.392499923706055,0.5383491516113281,8.854150772094727
2026-09-06T07:24:41.030494Z,v1000,RF_v1000,13.751392364501953,0.5490779876708984,8.202314376831055
2026-09-06T07:24:41.458518Z,v1000,RF_v1000,13.412599563598633,0.5424022674560547,7.870197296142578
2026-09-06T07:24:41.857706Z,v1000,RF_v1000,13.09788703918457,0.5505084991455078,7.5473785400390625
2026-09-06T07:24:42.287114Z,v1000,RF_v1000,13.183479309082031,0.5369186401367188,7.6465606689453125
2026-09-06T07:24:42.708208Z,v1000,RF_v1000,14.062051773071289,0.5383491516113281,8.523702621459961
2026-09-06T07:24:43.144809Z,v1000,RF_v1000,12.656097412109375,0.5528926849365234,7.103204727172852
2026-09-06T07:24:43.512875Z,v1000,RF_v1000,14.397268295288086,0.5266666412353516,8.870601654052734
2026-09-06T07:24:43.939020Z,v1000,RF_v1000,15.350704193115234,0.5297660827636719,9.820938110351562
2026-09-06T07:24:44.366179Z,v1000,RF_v1000,12.040739059448242,0.5457401275634766,6.494998931884766
2026-09-06T07:24:44.774833Z,v1000,RF_v1000,17.169361114501953,0.5438327789306641,11.625528335571289
2026-09-06T07:24:45.209878Z,v1000,RF_v1000,13.027315139770508,0.5469322204589844,7.480382919311523
2026-09-06T07:24:45.626057Z,v1000,RF_v1000,13.151054382324219,0.5373954772949219,7.613658905029297
2026-09-06T07:24:46.019296Z,v1000,RF_v1000,13.138179779052734,0.5581378936767578,7.580041885375977
2026-09-06T07:24:46.408545Z,v1000,RF_v1000,13.081436157226562,0.5321502685546875,7.549285888671875
2026-09-06T07:24:47.033825Z,v1000,RF_v1000,13.933305740356445,0.6818771362304688,8.251428604125977
2026-09-06T07:24:47.495392Z,v1000,RF_v1000,14.773492813110352,1.0602474212646484,8.713245391845703
2026-09-06T07:24:47.902857Z,v1000,RF_v1000,18.49782943725586,0.5388259887695312,12.959003448486328
2026-09-06T07:24:48.334923Z,v1000,RF_v1000,12.032394409179688,0.0,7.0323944091796875
2026-09-06T07:24:48.753928Z,v1000,RF_v1000,13.119344711303711,0.5388259887695312,7.58051872253418
2026-09-06T07:24:49.197177Z,v1000,RF_v1000,13.646011352539062,0.5476474761962891,8.098363876342773
2026-09-06T07:24:49.637432Z,v1000,RF_v1000,12.629156112670898,0.5424022674560547,7.086753845214844
2026-09-06T07:24:50.076382Z,v1000,RF_v1000,12.087945938110352,0.5266666412353516,6.561279296875
2026-09-06T07:24:50.475683Z,v1000,RF_v1000,12.65681266784668,0.5288124084472656,7.128000259399414
2026-09-06T07:24:50.930180Z,v1000,RF_v1000,13.016824722290039,0.5347728729248047,7.482051849365234
2026-09-06T07:24:51.351730Z,v1000,RF_v1000,13.088827133178711,0.545501708984375,7.543325424194336
2026-09-06T07:24:51.807701Z,v1000,RF_v1000,13.260488510131836,0.6656646728515625,7.594823837280273
2026-09-06T07:24:52.257569Z,v1000,RF_v1000,14.370565414428711,0.5402565002441406,8.83030891418457
2026-09-06T07:24:52.689830Z,v1000,RF_v1000,12.746458053588867,0.5443096160888672,7.2021484375
2026-09-06T07:24:53.104762Z,v1000,RF_v1000,13.094549179077148,0.5452632904052734,7.549285888671875
2026-09-06T07:24:53.573994Z,v1000,RF_v1000,13.152484893798828,0.5376338958740234,7.614850997924805
2026-09-06T07:24:54.044569Z,v1000,RF_v1000,13.143186569213867,0.5350112915039062,7.608175277709961
2026-09-06T07:24:54.520551Z,v1000,RF_v1000,14.267807006835938,0.5488395690917969,8.71896743774414
2026-09-06T07:24:54.950418Z,v1000,RF_v1000,15.195732116699219,0.5466938018798828,9.649038314819336
2026-09-06T07:24:55.400881Z,v1000,RF_v1000,13.088350296020508,0.5295276641845703,7.5588226318359375
2026-09-06T07:24:56.027717Z,v1000,RF_v1000,12.759332656860352,0.5505084991455078,7.208824157714844
2026-09-06T07:24:56.530814Z,v1000,RF_v1000,13.097410202026367,0.5393028259277344,7.558107376098633
2026-09-06T07:24:56.996671Z,v1000,RF_v1000,12.738828659057617,0.5383491516113281,7.200479507446289
2026-09-06T07:24:57.463387Z,v1000,RF_v1000,13.809804916381836,0.5519390106201172,8.257865905761719
2026-09-06T07:24:57.878643Z,v1000,RF_v1000,13.857011795043945,0.5407333374023438,8.316278457641602
2026-09-06T07:24:58.356813Z,v1000,RF_v1000,13.136749267578125,0.5319118499755859,7.604837417602539
2026-09-06T19:00:29.830420Z,v1000,RF_v1000,18.506412506103516,1.1162757873535156,12.39013671875
2026-09-06T20:51:06.639456Z,v1000,RF_v1000,39.15393829345703,0.5536079406738281,33.6003303527832
2026-09-06T20:51:07.279579Z,v1000,RF_v1000,14.55820083618164,0.5309581756591797,9.027242660522461
2026-09-06T20:51:07.822425Z,v1000,RF_v1000,14.768009185791016,0.8137226104736328,8.954286575317383
2026-09-06T20:51:08.413411Z,v1000,RF_v1000,15.992288589477539,0.7288455963134766,10.263442993164062
2026-09-06T20:51:09.011256Z,v1000,RF_v1000,15.116338729858398,0.5922317504882812,9.524106979370117
2026-09-06T20:51:09.593036Z,v1000,RF_v1000,16.06095314025879,1.1677742004394531,9.893178939819336
2026-09-06T20:51:10.486371Z,v1000,RF_v1000,15.902166366577148,1.0998249053955078,9.80234146118164
2026-09-06T20:51:11.085142Z,v1000,RF_v1000,13.513450622558594,0.5507469177246094,7.962703704833984
2026-09-06T20:51:11.655015Z,v1000,RF_v1000,14.478330612182617,0.5340576171875,8.944272994995117
2026-09-06T21:09:31.274426Z,v1000,RF_v1000,17.030839920043945,1.0809898376464844,10.949850082397461
2026-09-06T21:14:02.703580Z,v1000,RF_v1000,13.796930313110352,0.5354881286621094,8.261442184448242
2026-09-06T21:14:03.173130Z,v1000,RF_v1000,13.066654205322266,0.5340576171875,7.532596588134766
2026-09-06T21:14:03.633893Z,v1000,RF_v1000,13.110523223876953,0.5276203155517578,7.582902908325195
2026-09-06T21:14:04.140569Z,v1000,RF_v1000,12.677555084228516,0.5395412445068359,7.13801383972168
2026-09-06T21:14:04.561729Z,v1000,RF_v1000,13.313417434692383,0.5328655242919922,7.780551910400391
2026-09-06T21:14:05.188863Z,v1000,RF_v1000,12.241964340209961,0.5338191986083984,6.7081451416015625
2026-09-06T21:14:05.644159Z,v1000,RF_v1000,12.595300674438477,0.5509853363037109,7.044315338134766
2026-09-06T21:14:06.250117Z,v1000,RF_v1000,13.07332992553711,0.5328655242919922,7.540464401245117
2026-09-06T21:14:06.683173Z,v1000,RF_v1000,12.521629333496094,0.5393028259277344,6.982326507568359
2026-09-06T21:14:07.163568Z,v1000,RF_v1000,13.499622344970703,0.5393028259277344,7.960319519042969
2026-09-06T21:14:07.615285Z,v1000,RF_v1000,12.599115371704102,0.5471706390380859,7.051944732666016
2026-09-06T21:14:08.142388Z,v1000,RF_v1000,12.756471633911133,0.5397796630859375,7.216691970825195
2026-09-06T21:16:04.852735Z,v1000,RF_v1000,14.829521179199219,1.0945796966552734,8.734941482543945
2026-09-07T06:28:46.931132Z,v1000,RF_v1000,38.12087059020996,0.9095668792724609,32.2113037109375
2026-09-07T09:10:20.646111Z,v1000,RF_v1000,20.05732536315918,0.5471706390380859,14.510154724121094
2026-09-08T09:55:20.319242Z,v1000,RF_v1000,168.78235816955566,0.5400180816650391,163.24234008789062
2026-09-08T09:55:21.219756Z,v1000,RF_v1000,169.13497924804688,0.5509853363037109,163.58399391174316
2026-09-08T09:55:21.894444Z,v1000,RF_v1000,168.88344764709473,0.5288124084472656,163.35463523864746
2026-09-08T09:55:22.554430Z,v1000,RF_v1000,153.29301834106445,0.5445480346679688,147.74847030639648
2026-09-08T09:55:23.225894Z,v1000,RF_v1000,157.04691886901855,0.5640983581542969,151.48282051086426
2026-09-08T09:55:23.838289Z,v1000,RF_v1000,146.01600646972656,0.5428791046142578,140.4731273651123
2026-09-08T09:55:24.460655Z,v1000,RF_v1000,164.6817970275879,0.5440711975097656,159.13772583007812
2026-09-08T09:55:25.142898Z,v1000,RF_v1000,159.7229290008545,0.5452632904052734,154.17766571044922
2026-09-08T09:55:25.814865Z,v1000,RF_v1000,154.0013599395752,0.5533695220947266,148.44799041748047
2026-09-08T09:55:26.479704Z,v1000,RF_v1000,184.58927154541016,0.5383491516113281,179.05092239379883
2026-09-08T09:55:27.354602Z,v1000,RF_v1000,152.5989818572998,0.5342960357666016,147.0646858215332
2026-09-08T09:55:28.014508Z,v1000,RF_v1000,155.52390098571777,0.5342960357666016,149.98960494995117
2026-09-08T09:55:28.679975Z,v1000,RF_v1000,153.38480949401855,1.0788440704345703,147.30596542358398
2026-09-08T09:55:29.342115Z,v1000,RF_v1000,157.05144882202148,0.5402565002441406,151.51119232177734
2026-09-08T09:55:29.997084Z,v1000,RF_v1000,159.4058322906494,0.5395412445068359,153.86629104614258
2026-09-08T09:55:30.679126Z,v1000,RF_v1000,153.19049835205078,0.5528926849365234,147.63760566711426
2026-09-08T09:55:31.344049Z,v1000,RF_v1000,156.31545066833496,0.5557537078857422,150.75969696044922
2026-09-08T09:55:32.036881Z,v1000,RF_v1000,156.0157585144043,0.6406307220458984,150.3751277923584
2026-09-08T09:55:32.730991Z,v1000,RF_v1000,162.38272666931152,0.5307197570800781,156.85200691223145
2026-09-08T09:55:33.593849Z,v1000,RF_v1000,153.09370040893555,0.5452632904052734,147.54843711853027
2026-09-08T09:55:34.267731Z,v1000,RF_v1000,161.56256675720215,0.5440711975097656,156.01849555969238
2026-09-08T09:55:34.944874Z,v1000,RF_v1000,171.89562797546387,0.5331039428710938,166.36252403259277
2026-09-08T09:55:35.631237Z,v1000,RF_v1000,157.4820327758789,0.5323886871337891,151.94964408874512
2026-09-08T09:55:36.281263Z,v1000,RF_v1000,155.87223052978516,0.5407333374023438,150.3314971923828
2026-09-08T09:55:36.975151Z,v1000,RF_v1000,165.09807586669922,0.5354881286621094,159.5625877380371
2026-09-08T09:55:37.703962Z,v1000,RF_v1000,152.24111557006836,0.5400180816650391,146.70109748840332
2026-09-08T09:55:38.347257Z,v1000,RF_v1000,155.7740020751953,0.5388259887695312,150.23517608642578
2026-09-08T09:55:39.020819Z,v1000,RF_v1000,162.64188766479492,1.0738372802734375,156.56805038452148
2026-09-08T09:55:39.708092Z,v1000,RF_v1000,172.12570190429688,1.0929107666015625,166.0327911376953
2026-09-08T09:55:40.636123Z,v1000,RF_v1000,161.67438507080078,0.553131103515625,156.12125396728516
2026-09-08T09:55:41.301665Z,v1000,RF_v1000,154.11484718322754,0.5381107330322266,148.5767364501953
2026-09-08T09:55:41.973077Z,v1000,RF_v1000,156.5047550201416,0.5357265472412109,150.9690284729004
2026-09-08T09:55:42.687442Z,v1000,RF_v1000,165.76922416687012,0.5321502685546875,160.23707389831543
2026-09-08T09:55:43.368598Z,v1000,RF_v1000,162.68742561340332,0.5404949188232422,157.14693069458008
2026-09-08T09:55:44.053032Z,v1000,RF_v1000,156.61585807800293,0.5781650543212891,151.03769302368164
2026-09-08T09:55:44.763939Z,v1000,RF_v1000,145.43235778808594,0.5376338958740234,139.8947238922119
2026-09-08T09:55:45.454190Z,v1000,RF_v1000,152.8567123413086,1.0783672332763672,146.77834510803223
2026-09-08T09:55:46.331145Z,v1000,RF_v1000,158.16247940063477,0.5335807800292969,152.62889862060547
2026-09-08T09:55:47.049908Z,v1000,RF_v1000,192.05105781555176,0.5490779876708984,186.50197982788086
2026-09-08T09:55:47.832435Z,v1000,RF_v1000,150.7042694091797,1.0569095611572266,144.64735984802246
2026-09-08T09:55:48.515803Z,v1000,RF_v1000,153.67186546325684,0.0,148.67186546325684
2026-09-08T09:55:49.219082Z,v1000,RF_v1000,162.40489959716797,1.0809898376464844,156.32390975952148
2026-09-08T09:55:49.952500Z,v1000,RF_v1000,164.2106819152832,0.5369186401367188,158.67376327514648
2026-09-08T09:55:50.661831Z,v1000,RF_v1000,152.49550819396973,0.5307197570800781,146.96478843688965
2026-09-08T09:55:51.339298Z,v1000,RF_v1000,165.14504432678223,0.5366802215576172,159.6083641052246
2026-09-08T09:55:52.078172Z,v1000,RF_v1000,359.1412353515625,0.5400180816650391,353.60121726989746
2026-09-08T09:55:53.008667Z,v1000,RF_v1000,155.23231506347656,1.074075698852539,149.15823936462402
2026-09-08T09:55:53.695630Z,v1000,RF_v1000,152.44114875793457,1.0771751403808594,146.3639736175537
2026-09-08T09:55:54.410024Z,v1000,RF_v1000,159.9372673034668,1.0819435119628906,153.8553237915039
2026-09-08T09:55:55.137865Z,v1000,RF_v1000,160.7154655456543,0.5536079406738281,155.16185760498047
2026-09-08T09:55:55.840681Z,v1000,RF_v1000,153.94652366638184,0.5385875701904297,148.4079360961914
2026-09-08T09:55:56.531616Z,v1000,RF_v1000,147.8208351135254,0.5404949188232422,142.28034019470215
2026-09-08T09:55:57.277506Z,v1000,RF_v1000,159.49213981628418,0.5342960357666016,153.95784378051758
2026-09-08T09:55:58.015805Z,v1000,RF_v1000,152.73011207580566,0.5445480346679688,147.1855640411377
2026-09-08T09:55:58.907802Z,v1000,RF_v1000,151.6507911682129,0.5488395690917969,146.1019515991211
2026-09-08T09:55:59.630148Z,v1000,RF_v1000,165.9029769897461,1.0819435119628906,159.8210334777832
2026-09-08T09:56:00.376811Z,v1000,RF_v1000,171.84556007385254,0.5342960357666016,166.31126403808594
2026-09-08T09:56:01.118629Z,v1000,RF_v1000,162.76705741882324,0.54168701171875,157.2253704071045
2026-09-08T09:56:01.807380Z,v1000,RF_v1000,153.34117889404297,0.5352497100830078,147.80592918395996
2026-09-08T09:56:02.518664Z,v1000,RF_v1000,158.29551696777344,0.5362033843994141,152.75931358337402
2026-09-08T09:56:03.227418Z,v1000,RF_v1000,156.26419067382812,0.5333423614501953,150.73084831237793
2026-09-08T09:56:03.931636Z,v1000,RF_v1000,357.90026664733887,0.5352497100830078,352.36501693725586
2026-09-08T09:56:04.845204Z,v1000,RF_v1000,166.83042526245117,1.0914802551269531,160.73894500732422
2026-09-08T09:56:05.595476Z,v1000,RF_v1000,165.65049171447754,0.5331039428710938,160.11738777160645
2026-09-08T09:56:06.308022Z,v1000,RF_v1000,152.21083641052246,0.5369186401367188,146.67391777038574
2026-09-08T09:56:06.989330Z,v1000,RF_v1000,166.06629371643066,0.5400180816650391,160.52627563476562
2026-09-08T09:56:07.756597Z,v1000,RF_v1000,161.6460132598877,0.54168701171875,156.10432624816895
2026-09-08T09:56:08.504909Z,v1000,RF_v1000,159.05797958374023,0.5438327789306641,153.51414680480957
2026-09-08T09:56:09.192087Z,v1000,RF_v1000,156.42345428466797,1.092672348022461,150.3307819366455
2026-09-08T09:56:10.136590Z,v1000,RF_v1000,167.64867782592773,0.5347728729248047,162.11390495300293
2026-09-08T09:56:10.882173Z,v1000,RF_v1000,169.24059867858887,0.5397796630859375,163.70081901550293
2026-09-08T09:56:11.624461Z,v1000,RF_v1000,187.68752098083496,0.5397796630859375,182.14774131774902
2026-09-08T09:56:12.450115Z,v1000,RF_v1000,162.10973739624023,0.5311965942382812,156.57854080200195
2026-09-08T09:56:13.208867Z,v1000,RF_v1000,171.0785675048828,1.0793209075927734,164.99924659729004
2026-09-08T09:56:13.969166Z,v1000,RF_v1000,155.78353881835938,0.5259513854980469,150.25758743286133
2026-09-08T09:56:14.659201Z,v1000,RF_v1000,165.02917289733887,0.5357265472412109,159.49344635009766
2026-09-08T09:56:15.443208Z,v1000,RF_v1000,167.02735900878906,0.5328655242919922,161.49449348449707
2026-09-08T09:56:16.415864Z,v1000,RF_v1000,155.23446083068848,0.5395412445068359,149.69491958618164
2026-09-08T09:56:17.132867Z,v1000,RF_v1000,157.07147598266602,1.0840892791748047,150.9873867034912
2026-09-08T09:56:17.880060Z,v1000,RF_v1000,161.99028968811035,0.5447864532470703,156.44550323486328
2026-09-08T09:56:18.655515Z,v1000,RF_v1000,171.45169258117676,0.5352497100830078,165.91644287109375
2026-09-08T09:56:19.395352Z,v1000,RF_v1000,163.6918830871582,0.5414485931396484,158.15043449401855
2026-09-08T09:56:20.109810Z,v1000,RF_v1000,152.15218544006348,0.5366802215576172,146.61550521850586
2026-09-08T09:56:20.895455Z,v1000,RF_v1000,159.71887588500977,0.5419254302978516,154.1769504547119
2026-09-08T09:56:21.877803Z,v1000,RF_v1000,153.8208770751953,0.5419254302978516,148.27895164489746
2026-09-08T09:56:22.614767Z,v1000,RF_v1000,169.18075561523438,0.5371570587158203,163.64359855651855
2026-09-08T09:56:23.416056Z,v1000,RF_v1000,165.65049171447754,0.5373954772949219,160.11309623718262
2026-09-08T09:56:24.219214Z,v1000,RF_v1000,164.5306396484375,0.5452632904052734,158.98537635803223
2026-09-08T09:56:24.993487Z,v1000,RF_v1000,158.69558334350586,0.5393028259277344,153.15628051757812
2026-09-08T09:56:25.781487Z,v1000,RF_v1000,186.7929744720459,0.5464553833007812,181.24651908874512
2026-09-08T09:56:26.809269Z,v1000,RF_v1000,156.4887809753418,0.5347728729248047,150.954008102417
2026-09-08T09:56:27.588913Z,v1000,RF_v1000,163.8153839111328,0.5376338958740234,158.2777500152588
2026-09-08T09:56:28.451840Z,v1000,RF_v1000,165.35008430480957,0.5354881286621094,159.81459617614746
2026-09-08T09:56:29.216956Z,v1000,RF_v1000,171.92233085632324,0.5459785461425781,166.37635231018066
2026-09-08T09:56:30.020248Z,v1000,RF_v1000,156.83782577514648,0.5400180816650391,151.29780769348145
2026-09-08T09:56:30.752098Z,v1000,RF_v1000,373.18766593933105,0.5486011505126953,367.63906478881836
2026-09-08T09:56:31.740677Z,v1000,RF_v1000,162.1671962738037,0.5376338958740234,156.6295623779297
2026-09-08T09:56:32.546229Z,v1000,RF_v1000,167.08839416503906,0.5402565002441406,161.54813766479492
2026-09-08T09:56:33.306322Z,v1000,RF_v1000,157.0364284515381,0.5426406860351562,151.49378776550293
2026-09-08T09:56:34.050344Z,v1000,RF_v1000,164.1951847076416,0.5424022674560547,158.65278244018555
2026-09-08T09:56:34.874278Z,v1000,RF_v1000,159.85501289367676,0.5533695220947266,154.30164337158203
2026-09-08T09:56:35.666005Z,v1000,RF_v1000,165.12215614318848,0.5273818969726562,159.59477424621582
2026-09-08T09:56:36.421523Z,v1000,RF_v1000,163.68234634399414,0.5638599395751953,158.11848640441895
2026-09-08T09:56:37.206556Z,v1000,RF_v1000,371.03355407714844,1.1119842529296875,364.92156982421875
2026-09-08T09:56:38.221660Z,v1000,RF_v1000,164.6529483795166,0.5431175231933594,159.10983085632324
2026-09-08T09:56:38.981888Z,v1000,RF_v1000,160.9619903564453,0.5259513854980469,155.43603897094727
2026-09-08T09:56:39.782200Z,v1000,RF_v1000,171.28336906433105,0.5512237548828125,165.73214530944824
2026-09-08T09:56:40.588330Z,v1000,RF_v1000,159.91938591003418,1.107931137084961,153.81145477294922
2026-09-08T09:56:41.357585Z,v1000,RF_v1000,174.35062408447266,0.5424022674560547,168.8082218170166
2026-09-08T09:56:42.216370Z,v1000,RF_v1000,369.52698707580566,0.5495548248291016,363.97743225097656
2026-09-08T09:56:43.227172Z,v1000,RF_v1000,158.52201461791992,0.5447864532470703,152.97722816467285
2026-09-08T09:56:44.015984Z,v1000,RF_v1000,163.11991691589355,0.5354881286621094,157.58442878723145
2026-09-08T09:56:44.779263Z,v1000,RF_v1000,169.72506523132324,0.5402565002441406,164.1848087310791
2026-09-08T09:56:45.781547Z,v1000,RF_v1000,165.09831428527832,0.5376338958740234,159.5606803894043
2026-09-08T09:56:46.586383Z,v1000,RF_v1000,170.8926010131836,0.5404949188232422,165.35210609436035
2026-09-08T09:56:47.391207Z,v1000,RF_v1000,370.94676971435547,0.5433559417724609,365.403413772583
2026-09-08T09:56:48.431093Z,v1000,RF_v1000,166.4217758178711,0.5464553833007812,160.8753204345703
2026-09-08T09:56:49.237821Z,v1000,RF_v1000,160.40838241577148,0.5447864532470703,154.8635959625244
2026-09-08T09:56:49.991327Z,v1000,RF_v1000,165.06040573120117,0.5571842193603516,159.50322151184082
2026-09-08T09:56:50.809966Z,v1000,RF_v1000,167.47296333312988,1.0840892791748047,161.38887405395508
2026-09-08T09:56:51.632979Z,v1000,RF_v1000,165.5968475341797,0.5342960357666016,160.0625514984131
2026-09-08T09:56:52.401486Z,v1000,RF_v1000,162.09733963012695,0.5426406860351562,156.5546989440918
2026-09-08T09:56:53.422030Z,v1000,RF_v1000,164.45029258728027,0.5414485931396484,158.90884399414062
2026-09-08T09:56:54.248498Z,v1000,RF_v1000,162.5181484222412,0.5350112915039062,156.9831371307373
2026-09-08T09:56:55.033292Z,v1000,RF_v1000,162.86075592041016,0.5443096160888672,157.3164463043213
2026-09-08T09:56:55.829391Z,v1000,RF_v1000,163.7350368499756,0.5381107330322266,158.19692611694336
2026-09-08T09:56:56.651057Z,v1000,RF_v1000,157.75168418884277,0.5576610565185547,152.19402313232422
2026-09-08T09:56:57.454798Z,v1000,RF_v1000,371.15943908691406,0.5300045013427734,365.6294345855713
2026-09-08T09:56:58.486073Z,v1000,RF_v1000,165.42685508728027,0.5364418029785156,159.89041328430176
2026-09-08T09:56:59.353102Z,v1000,RF_v1000,173.473482131958,0.5397796630859375,167.93370246887207
2026-09-08T09:57:00.168649Z,v1000,RF_v1000,163.90884399414062,0.5450248718261719,158.36381912231445
2026-09-08T09:57:00.968853Z,v1000,RF_v1000,163.83874893188477,0.5350112915039062,158.30373764038086
2026-09-08T09:57:01.812807Z,v1000,RF_v1000,168.2559299468994,0.5295276641845703,162.72640228271484
2026-09-08T09:57:02.642473Z,v1000,RF_v1000,162.96947479248047,0.5345344543457031,157.43494033813477
2026-09-08T09:57:03.709449Z,v1000,RF_v1000,171.91350936889648,0.5354881286621094,166.37802124023438
2026-09-08T09:57:04.516846Z,v1000,RF_v1000,161.76140785217285,0.5443096160888672,156.21709823608398
2026-09-08T09:57:05.256478Z,v1000,RF_v1000,125.54991722106934,0.5285739898681641,120.02134323120117
2026-09-08T09:57:05.887603Z,v1000,RF_v1000,165.57682037353516,0.5474090576171875,160.02941131591797
2026-09-08T09:57:06.726561Z,v1000,RF_v1000,172.06347465515137,1.0833740234375,165.98010063171387
2026-09-08T09:57:07.793653Z,v1000,RF_v1000,162.37628936767578,0.5319118499755859,156.8443775177002
2026-09-08T09:57:08.603849Z,v1000,RF_v1000,175.14837265014648,0.6301403045654297,169.51823234558105
2026-09-08T09:57:09.457076Z,v1000,RF_v1000,179.40414428710938,0.5424022674560547,173.86174201965332
2026-09-08T09:57:10.321873Z,v1000,RF_v1000,170.45772552490234,0.5548000335693359,164.902925491333
2026-09-08T09:57:11.148462Z,v1000,RF_v1000,184.7175407409668,0.5371570587158203,179.18038368225098
2026-09-08T09:57:12.106509Z,v1000,RF_v1000,204.71132278442383,1.1031627655029297,198.6081600189209
2026-09-08T09:57:13.460015Z,v1000,RF_v1000,176.26035690307617,0.5273818969726562,170.73297500610352
2026-09-08T09:57:14.359844Z,v1000,RF_v1000,181.3591766357422,0.5385875701904297,175.82058906555176
2026-09-08T09:57:15.242253Z,v1000,RF_v1000,174.2192554473877,0.5462169647216797,168.67303848266602
2026-09-08T09:57:16.110087Z,v1000,RF_v1000,161.7533016204834,0.5488395690917969,156.2044620513916
2026-09-08T09:57:16.930000Z,v1000,RF_v1000,171.51058197021484,0.5383491516113281,165.97223281860352
2026-09-08T09:57:17.771313Z,v1000,RF_v1000,167.81914710998535,0.5424022674560547,162.2767448425293
2026-09-08T09:57:18.849608Z,v1000,RF_v1000,160.14802932739258,0.5390644073486328,154.60896492004395
2026-09-08T09:57:19.780020Z,v1000,RF_v1000,174.8458194732666,0.537872314453125,169.30794715881348
2026-09-08T09:57:20.772821Z,v1000,RF_v1000,179.42059516906738,0.5395412445068359,173.88105392456055
2026-09-08T09:57:21.710286Z,v1000,RF_v1000,162.64093399047852,0.5373954772949219,157.1035385131836
2026-09-08T09:57:22.553023Z,v1000,RF_v1000,164.75403785705566,0.5431175231933594,159.2109203338623
2026-09-08T09:57:23.416888Z,v1000,RF_v1000,180.31609535217285,0.5433559417724609,174.7727394104004
2026-09-08T09:57:24.529681Z,v1000,RF_v1000,171.5353775024414,0.5443096160888672,165.99106788635254
2026-09-08T09:57:25.358423Z,v1000,RF_v1000,164.5454216003418,0.5452632904052734,159.00015830993652
2026-09-08T09:57:26.258507Z,v1000,RF_v1000,170.53282737731934,0.5340576171875,164.99876976013184
2026-09-08T09:57:27.138054Z,v1000,RF_v1000,167.7635955810547,0.5409717559814453,162.22262382507324
2026-09-08T09:57:27.964651Z,v1000,RF_v1000,170.7106876373291,0.5507469177246094,165.1599407196045
2026-09-08T09:57:29.075785Z,v1000,RF_v1000,180.1105785369873,0.5602836608886719,174.55029487609863
2026-09-08T09:57:29.983721Z,v1000,RF_v1000,171.28336906433105,0.5593299865722656,165.7240390777588
2026-09-08T09:57:30.845948Z,v1000,RF_v1000,169.04986381530762,0.5395412445068359,163.51032257080078
2026-09-08T09:57:31.763669Z,v1000,RF_v1000,175.9578037261963,0.5445480346679688,170.41325569152832
2026-09-08T09:57:32.699106Z,v1000,RF_v1000,379.0575313568115,1.0647773742675781,372.99275398254395
2026-09-08T09:57:33.756323Z,v1000,RF_v1000,187.1904182434082,0.5602836608886719,181.63013458251953
2026-09-08T09:57:34.769313Z,v1000,RF_v1000,167.91499137878418,0.5474090576171875,162.367582321167
2026-09-08T09:57:35.708092Z,v1000,RF_v1000,169.47186470031738,0.5445480346679688,163.9273166656494
2026-09-08T09:57:36.560725Z,v1000,RF_v1000,172.54412651062012,0.5517005920410156,166.9924259185791
2026-09-08T09:57:37.468265Z,v1000,RF_v1000,167.97626495361328,0.0,162.97626495361328
2026-09-08T09:57:38.353319Z,v1000,RF_v1000,171.1970615386963,0.5536079406738281,165.64345359802246
2026-09-08T09:57:39.411475Z,v1000,RF_v1000,167.79006004333496,0.5395412445068359,162.25051879882812
2026-09-08T09:57:40.325906Z,v1000,RF_v1000,167.25171089172363,0.5388259887695312,161.7128849029541
2026-09-08T09:57:41.237721Z,v1000,RF_v1000,138.79192352294922,0.5359649658203125,133.2559585571289
2026-09-08T09:57:41.984911Z,v1000,RF_v1000,138.65817070007324,0.5354881286621094,133.12268257141113
2026-09-08T09:57:42.624331Z,v1000,RF_v1000,125.91684341430664,0.5464553833007812,120.37038803100586
2026-09-08T09:57:43.479602Z,v1000,RF_v1000,130.41675567626953,0.5364418029785156,124.88031387329102
2026-09-08T09:57:44.115001Z,v1000,RF_v1000,118.677978515625,0.5421638488769531,113.13581466674805
2026-09-08T09:57:44.695433Z,v1000,RF_v1000,118.99555206298828,0.0,113.99555206298828
2026-09-08T09:57:45.305936Z,v1000,RF_v1000,117.95938491821289,0.5350112915039062,112.42437362670898
2026-09-08T09:57:45.918180Z,v1000,RF_v1000,119.83645439147949,0.0,114.83645439147949
2026-09-08T09:57:46.705985Z,v1000,RF_v1000,160.85708618164062,0.5452632904052734,155.31182289123535
2026-09-08T09:57:47.504170Z,v1000,RF_v1000,171.34607315063477,1.0843276977539062,165.26174545288086
2026-09-08T09:57:48.413122Z,v1000,RF_v1000,160.84444999694824,0.5354881286621094,155.30896186828613
2026-09-08T09:57:49.219067Z,v1000,RF_v1000,387.8930854797363,0.5350112915039062,382.3580741882324
2026-09-08T09:57:50.338727Z,v1000,RF_v1000,168.64097595214844,0.54931640625,163.09165954589844
2026-09-08T09:57:51.268446Z,v1000,RF_v1000,155.97355842590332,0.5435943603515625,150.42996406555176
2026-09-08T09:57:52.118496Z,v1000,RF_v1000,143.11278343200684,0.5612373352050781,137.55154609680176
2026-09-08T09:57:52.894599Z,v1000,RF_v1000,138.17155838012695,0.5400180816650391,132.6315402984619
2026-09-08T09:57:53.839842Z,v1000,RF_v1000,187.88516998291016,0.0,182.88516998291016
2026-09-08T09:57:54.716588Z,v1000,RF_v1000,137.86566734313965,0.0,132.86566734313965
2026-09-08T09:57:55.445095Z,v1000,RF_v1000,137.59530067443848,0.0,132.59530067443848
2026-09-08T09:57:56.204581Z,v1000,RF_v1000,179.35932159423828,1.0652542114257812,173.2940673828125
2026-09-08T09:57:57.163502Z,v1000,RF_v1000,175.95041275024414,0.5481243133544922,170.40228843688965
2026-09-08T09:57:58.288022Z,v1000,RF_v1000,171.48435592651367,0.5381107330322266,165.94624519348145
2026-09-08T09:57:59.205953Z,v1000,RF_v1000,171.856050491333,0.530242919921875,166.32580757141113
2026-09-08T09:58:00.157002Z,v1000,RF_v1000,172.34838485717773,0.5662441253662109,166.78214073181152
2026-09-08T09:58:01.101034Z,v1000,RF_v1000,166.33880615234375,0.5497932434082031,160.78901290893555
2026-09-08T09:58:02.039493Z,v1000,RF_v1000,170.06314277648926,0.5476474761962891,164.51549530029297
2026-09-08T09:58:03.149441Z,v1000,RF_v1000,167.7480983734131,0.5419254302978516,162.20617294311523
2026-09-08T09:58:04.074089Z,v1000,RF_v1000,169.06655311584473,0.0,164.06655311584473
2026-09-08T09:58:04.991927Z,v1000,RF_v1000,171.63646697998047,0.5362033843994141,166.10026359558105
2026-09-08T09:58:05.869994Z,v1000,RF_v1000,171.16368293762207,0.6284713745117188,165.53521156311035
2026-09-08T09:58:06.794834Z,v1000,RF_v1000,173.95747184753418,0.5464553833007812,168.4110164642334
2026-09-08T09:58:07.938394Z,v1000,RF_v1000,164.65580940246582,0.5505084991455078,159.1053009033203
2026-09-08T09:58:08.808822Z,v1000,RF_v1000,194.87202644348145,1.0967254638671875,188.77530097961426
2026-09-08T09:58:09.721597Z,v1000,RF_v1000,157.313232421875,0.6513595581054688,151.66187286376953
2026-09-08T09:58:10.620359Z,v1000,RF_v1000,171.37754440307617,0.5340576171875,165.84348678588867
2026-09-08T09:58:11.495835Z,v1000,RF_v1000,423.51019859313965,0.5481243133544922,417.96207427978516
2026-09-08T09:58:12.660367Z,v1000,RF_v1000,165.03823280334473,0.5297660827636719,159.50846672058105
2026-09-08T09:58:13.559304Z,v1000,RF_v1000,174.2371368408203,0.5412101745605469,168.69592666625977
2026-09-08T09:58:14.418395Z,v1000,RF_v1000,159.41322326660156,0.5395412445068359,153.87368202209473
2026-09-08T09:58:15.246599Z,v1000,RF_v1000,163.44345092773438,0.5309581756591797,157.9124927520752
2026-09-08T09:58:16.160483Z,v1000,RF_v1000,170.38000106811523,0.5414485931396484,164.8385524749756
2026-09-08T09:58:17.243282Z,v1000,RF_v1000,165.56251525878906,0.5362033843994141,160.02631187438965
2026-09-08T09:58:18.099196Z,v1000,RF_v1000,168.57803344726562,0.5433559417724609,163.03467750549316
2026-09-08T09:58:19.005037Z,v1000,RF_v1000,172.04583168029785,0.5457401275634766,166.50009155273438
2026-09-08T09:58:19.934146Z,v1000,RF_v1000,374.5099353790283,0.5342960357666016,368.9756393432617
2026-09-08T09:58:21.014095Z,v1000,RF_v1000,169.1225814819336,0.5326271057128906,163.5899543762207
2026-09-08T09:58:21.912459Z,v1000,RF_v1000,165.36629676818848,0.5397796630859375,159.82651710510254
2026-09-08T09:58:22.844029Z,v1000,RF_v1000,164.68871116638184,1.1718273162841797,158.51688385009766
2026-09-08T09:58:23.725298Z,v1000,RF_v1000,170.7102108001709,0.5447864532470703,165.16542434692383
2026-09-08T09:58:24.831454Z,v1000,RF_v1000,163.04767608642578,0.5435943603515625,157.50408172607422
2026-09-08T09:58:25.766497Z,v1000,RF_v1000,165.84671020507812,0.5323886871337891,160.31432151794434
2026-09-08T09:58:26.644587Z,v1000,RF_v1000,164.38568115234375,0.5290508270263672,158.85663032531738
2026-09-08T09:58:27.491075Z,v1000,RF_v1000,176.50187492370605,0.537872314453125,170.96400260925293
2026-09-08T09:58:28.423240Z,v1000,RF_v1000,170.86780548095703,0.5369186401367188,165.3308868408203
2026-09-08T09:58:29.549082Z,v1000,RF_v1000,167.98985481262207,0.5352497100830078,162.45460510253906
2026-09-08T09:58:30.458830Z,v1000,RF_v1000,173.1821346282959,0.5414485931396484,167.64068603515625
2026-09-08T09:58:31.417873Z,v1000,RF_v1000,190.07957458496094,0.5352497100830078,184.54432487487793
2026-09-08T09:58:32.420992Z,v1000,RF_v1000,173.71309280395508,0.5486011505126953,168.16449165344238
2026-09-08T09:58:33.566697Z,v1000,RF_v1000,177.210693359375,0.545501708984375,171.66519165039062
2026-09-08T09:58:34.541219Z,v1000,RF_v1000,185.68981170654297,0.5290508270263672,180.1607608795166
2026-09-08T09:58:35.515133Z,v1000,RF_v1000,167.55784034729004,0.560760498046875,161.99707984924316
2026-09-08T09:58:36.440930Z,v1000,RF_v1000,166.54980659484863,0.5328655242919922,161.01694107055664
2026-09-08T09:58:37.588086Z,v1000,RF_v1000,179.41534996032715,0.5402565002441406,173.875093460083
2026-09-08T09:58:38.537317Z,v1000,RF_v1000,170.11225700378418,1.087188720703125,164.02506828308105
2026-09-08T09:58:39.478078Z,v1000,RF_v1000,168.0871295928955,0.5400180816650391,162.54711151123047
2026-09-08T09:58:40.373171Z,v1000,RF_v1000,173.3523654937744,0.5421638488769531,167.81020164489746
2026-09-08T09:58:41.529985Z,v1000,RF_v1000,164.7142219543457,0.5335807800292969,159.1806411743164
2026-09-08T09:58:42.452114Z,v1000,RF_v1000,168.99860382080078,0.5328655242919922,163.4657382965088
2026-09-08T09:58:43.329163Z,v1000,RF_v1000,175.2713966369629,0.5359649658203125,169.73543167114258
2026-09-08T09:58:44.278486Z,v1000,RF_v1000,177.52659797668457,0.5481243133544922,171.97847366333008
2026-09-08T09:58:45.244579Z,v1000,RF_v1000,163.83421897888184,0.5354881286621094,158.29873085021973
2026-09-08T09:58:46.346793Z,v1000,RF_v1000,168.51795196533203,0.5469322204589844,162.97101974487305
2026-09-08T09:58:47.268762Z,v1000,RF_v1000,166.04769706726074,0.5290508270263672,160.51864624023438
2026-09-08T09:58:48.226305Z,v1000,RF_v1000,176.86594009399414,1.0762214660644531,170.7897186279297
2026-09-08T09:58:49.179498Z,v1000,RF_v1000,163.55050086975098,0.5350112915039062,158.01548957824707
2026-09-08T09:58:50.332975Z,v1000,RF_v1000,165.3240966796875,0.5407333374023438,159.78336334228516
2026-09-08T09:58:51.290263Z,v1000,RF_v1000,165.14885902404785,1.0805130004882812,159.06834602355957
2026-09-08T09:58:52.241681Z,v1000,RF_v1000,170.32635688781738,0.5428791046142578,164.78347778320312
2026-09-08T09:58:53.128599Z,v1000,RF_v1000,381.009464263916,0.5409717559814453,375.46849250793457
2026-09-08T09:58:54.310532Z,v1000,RF_v1000,167.2791290283203,0.54168701171875,161.73744201660156
2026-09-08T09:58:55.259163Z,v1000,RF_v1000,170.84086418151855,0.5340576171875,165.30680656433105
2026-09-08T09:58:56.154790Z,v1000,RF_v1000,169.15762901306152,0.5376338958740234,163.6199951171875
2026-09-08T09:58:57.126623Z,v1000,RF_v1000,173.32494735717773,0.5478858947753906,167.77706146240234
2026-09-08T09:58:58.316085Z,v1000,RF_v1000,189.5996379852295,0.537872314453125,184.06176567077637
2026-09-08T09:58:59.248468Z,v1000,RF_v1000,162.25302696228027,0.5466938018798828,156.7063331604004
2026-09-08T09:59:00.188585Z,v1000,RF_v1000,174.0053939819336,0.5383491516113281,168.46704483032227
2026-09-08T09:59:01.177898Z,v1000,RF_v1000,173.69711875915527,1.077890396118164,167.6192283630371
2026-09-08T09:59:02.326676Z,v1000,RF_v1000,165.64071655273438,0.5376338958740234,160.10308265686035
2026-09-08T09:59:03.225185Z,v1000,RF_v1000,174.22712326049805,0.5342960357666016,168.69282722473145
2026-09-08T09:59:04.224377Z,v1000,RF_v1000,168.53440284729004,0.5526542663574219,162.98174858093262
2026-09-08T09:59:05.206082Z,v1000,RF_v1000,362.0685386657715,0.55694580078125,356.51159286499023
2026-09-08T09:59:06.310955Z,v1000,RF_v1000,172.39201545715332,0.5373954772949219,166.8546199798584
2026-09-08T09:59:07.294242Z,v1000,RF_v1000,175.5951690673828,0.5404949188232422,170.05467414855957
2026-09-08T09:59:08.278189Z,v1000,RF_v1000,168.87534141540527,0.5424022674560547,163.33293914794922
2026-09-08T09:59:09.190630Z,v1000,RF_v1000,167.34374046325684,0.5316734313964844,161.81206703186035
2026-09-08T09:59:10.399376Z,v1000,RF_v1000,171.77165031433105,0.5397796630859375,166.23187065124512
2026-09-08T09:59:11.374081Z,v1000,RF_v1000,167.72783279418945,0.54931640625,162.17851638793945
2026-09-08T09:59:12.294890Z,v1000,RF_v1000,164.5444679260254,0.5488395690917969,158.9956283569336
2026-09-08T09:59:13.259162Z,v1000,RF_v1000,171.40925407409668,0.5297660827636719,165.879487991333
2026-09-08T09:59:14.452147Z,v1000,RF_v1000,173.69640350341797,0.5385875701904297,168.15781593322754
2026-09-08T09:59:15.400155Z,v1000,RF_v1000,175.38965225219727,0.5381107330322266,169.85154151916504
2026-09-08T09:59:16.355713Z,v1000,RF_v1000,163.6596965789795,0.5400180816650391,158.11967849731445
2026-09-08T09:59:17.351131Z,v1000,RF_v1000,381.71446800231934,0.5316734313964844,376.18279457092285
2026-09-08T09:59:18.550165Z,v1000,RF_v1000,174.28434371948242,0.5300045013427734,168.75433921813965
2026-09-08T09:59:19.500060Z,v1000,RF_v1000,162.91702270507812,0.5359649658203125,157.3810577392578
2026-09-08T09:59:20.474680Z,v1000,RF_v1000,163.7677001953125,0.6139278411865234,158.15377235412598
2026-09-08T09:59:21.461223Z,v1000,RF_v1000,184.72970008850098,0.5395412445068359,179.19015884399414
2026-09-08T09:59:22.696100Z,v1000,RF_v1000,180.5821704864502,0.5280971527099609,175.05407333374023
2026-09-08T09:59:23.741914Z,v1000,RF_v1000,181.23543739318848,1.077413558959961,175.15802383422852
2026-09-08T09:59:24.767684Z,v1000,RF_v1000,167.8284454345703,0.5419254302978516,162.28652000427246
2026-09-08T09:59:25.741533Z,v1000,RF_v1000,174.07382011413574,1.0950565338134766,167.97876358032227
2026-09-08T09:59:27.006260Z,v1000,RF_v1000,175.33839225769043,1.0972023010253906,169.24118995666504
2026-09-08T09:59:28.066995Z,v1000,RF_v1000,213.56499671936035,0.52642822265625,208.0385684967041
2026-09-08T09:59:29.152841Z,v1000,RF_v1000,209.44345474243164,0.5445480346679688,203.89890670776367
2026-09-08T09:59:30.526907Z,v1000,RF_v1000,166.0121726989746,0.5311965942382812,160.48097610473633
2026-09-08T09:59:31.543334Z,v1000,RF_v1000,173.45297813415527,0.5528926849365234,167.90008544921875
2026-09-08T09:59:32.511269Z,v1000,RF_v1000,174.36254501342773,0.8664131164550781,168.49613189697266
2026-09-08T09:59:33.580655Z,v1000,RF_v1000,160.0896167755127,0.5700588226318359,154.51955795288086
2026-09-08T09:59:34.844800Z,v1000,RF_v1000,178.10428619384766,1.0573863983154297,172.04689979553223
2026-09-08T09:59:35.859834Z,v1000,RF_v1000,176.13924026489258,1.1031627655029297,170.03607749938965
2026-09-08T09:59:36.910622Z,v1000,RF_v1000,184.04400825500488,0.5400180816650391,178.50399017333984
2026-09-08T09:59:37.986886Z,v1000,RF_v1000,181.20277404785156,0.5433559417724609,175.6594181060791
2026-09-08T09:59:39.312589Z,v1000,RF_v1000,182.00457572937012,1.10626220703125,175.89831352233887
2026-09-08T09:59:40.444364Z,v1000,RF_v1000,185.16600608825684,0.5321502685546875,179.63385581970215
2026-09-08T09:59:41.545323Z,v1000,RF_v1000,178.52890968322754,0.5371570587158203,172.99175262451172
2026-09-08T09:59:42.576382Z,v1000,RF_v1000,389.27281379699707,0.5404949188232422,383.7323188781738
2026-09-08T09:59:43.880341Z,v1000,RF_v1000,176.4761257171631,0.5545616149902344,170.92156410217285
2026-09-08T09:59:44.962205Z,v1000,RF_v1000,171.4741039276123,0.5421638488769531,165.93194007873535
2026-09-08T09:59:45.983011Z,v1000,RF_v1000,175.5789566040039,0.5240440368652344,170.05491256713867
2026-09-08T09:59:47.044434Z,v1000,RF_v1000,127.13587760925293,0.5357265472412109,121.60015106201172
2026-09-08T09:59:47.983451Z,v1000,RF_v1000,123.16287040710449,0.52642822265625,117.63644218444824
2026-09-08T09:59:48.721205Z,v1000,RF_v1000,126.40965461730957,0.5567073822021484,120.85294723510742
2026-09-08T09:59:49.405771Z,v1000,RF_v1000,121.14799499511719,0.5400180816650391,115.60797691345215
2026-09-08T09:59:50.350470Z,v1000,RF_v1000,129.56011772155762,0.5311965942382812,124.02892112731934
2026-09-08T09:59:51.067648Z,v1000,RF_v1000,135.30409812927246,0.5249977111816406,129.77910041809082
2026-09-08T09:59:51.773911Z,v1000,RF_v1000,120.7217025756836,0.5309581756591797,115.19074440002441
2026-09-08T09:59:52.465381Z,v1000,RF_v1000,122.93160438537598,0.0,117.93160438537598
2026-09-08T09:59:53.393285Z,v1000,RF_v1000,114.99584197998047,0.0,109.99584197998047
2026-09-08T09:59:54.036681Z,v1000,RF_v1000,120.54980278015137,0.5247592926025391,115.02504348754883
2026-09-08T09:59:54.714945Z,v1000,RF_v1000,130.3509521484375,0.5314350128173828,124.81951713562012
2026-09-08T09:59:55.624863Z,v1000,RF_v1000,117.62273788452148,0.5249977111816406,112.09774017333984
2026-09-08T09:59:56.268065Z,v1000,RF_v1000,119.33577537536621,0.5211830139160156,113.8145923614502
2026-09-08T09:59:56.899831Z,v1000,RF_v1000,115.92162132263184,0.5183219909667969,110.40329933166504
2026-09-08T09:59:57.556802Z,v1000,RF_v1000,302.79791831970215,0.5245208740234375,297.2733974456787
2026-09-08T09:59:58.398412Z,v1000,RF_v1000,120.58699607849121,0.5381107330322266,115.04888534545898
2026-09-08T09:59:59.114911Z,v1000,RF_v1000,120.05365371704102,0.0,115.05365371704102
2026-09-08T09:59:59.816120Z,v1000,RF_v1000,118.33751678466797,0.0,113.33751678466797
2026-09-08T10:00:00.519240Z,v1000,RF_v1000,118.45791816711426,0.5233287811279297,112.93458938598633
2026-09-08T10:00:01.407395Z,v1000,RF_v1000,120.03767967224121,0.518798828125,114.51888084411621
2026-09-08T10:00:02.096556Z,v1000,RF_v1000,119.88556861877441,0.5548000335693359,114.33076858520508
2026-09-08T10:00:02.798472Z,v1000,RF_v1000,121.73188209533691,0.5307197570800781,116.20116233825684
2026-09-08T10:00:03.690176Z,v1000,RF_v1000,117.91933059692383,0.5395412445068359,112.37978935241699
2026-09-08T10:00:04.365587Z,v1000,RF_v1000,122.59638786315918,0.5347728729248047,117.06161499023438
2026-09-08T10:00:05.100277Z,v1000,RF_v1000,119.27807807922363,0.0,114.27807807922363
2026-09-08T10:00:05.809296Z,v1000,RF_v1000,118.1596565246582,0.5328655242919922,112.62679100036621
2026-09-08T10:00:06.698784Z,v1000,RF_v1000,123.53194236755371,0.5242824554443359,118.00765991210938
2026-09-08T10:00:07.391388Z,v1000,RF_v1000,124.73285675048828,0.0,119.73285675048828
2026-09-08T10:00:08.104984Z,v1000,RF_v1000,117.31541633605957,0.5297660827636719,111.7856502532959
2026-09-08T10:00:08.786322Z,v1000,RF_v1000,119.83502388000488,0.5266666412353516,114.30835723876953
2026-09-08T10:00:09.668647Z,v1000,RF_v1000,118.66558074951172,0.0,113.66558074951172
2026-09-08T10:00:10.396871Z,v1000,RF_v1000,121.27340316772461,0.0,116.27340316772461
2026-09-08T10:00:11.098516Z,v1000,RF_v1000,118.06905746459961,0.5269050598144531,112.54215240478516
2026-09-08T10:00:11.982417Z,v1000,RF_v1000,123.17049980163574,0.5307197570800781,117.63978004455566
2026-09-08T10:00:12.700620Z,v1000,RF_v1000,118.80147933959961,0.5474090576171875,113.25407028198242
2026-09-08T10:00:13.409466Z,v1000,RF_v1000,123.44182014465332,0.5362033843994141,117.9056167602539
2026-09-08T10:00:14.332539Z,v1000,RF_v1000,120.8440113067627,1.0695457458496094,114.77446556091309
2026-09-08T10:00:15.057665Z,v1000,RF_v1000,119.5181655883789,0.5278587341308594,113.99030685424805
2026-09-08T10:00:15.772893Z,v1000,RF_v1000,117.32662200927734,0.5447864532470703,111.78183555603027
2026-09-08T10:00:16.452796Z,v1000,RF_v1000,121.19782447814941,0.5326271057128906,115.66519737243652
2026-09-08T10:00:17.350005Z,v1000,RF_v1000,119.21322822570801,0.0,114.21322822570801
2026-09-08T10:00:18.078564Z,v1000,RF_v1000,117.06221580505371,0.0,112.06221580505371
2026-09-08T10:00:18.765850Z,v1000,RF_v1000,119.19796943664551,0.5369186401367188,113.66105079650879
2026-09-08T10:00:19.661909Z,v1000,RF_v1000,122.14553833007812,0.52642822265625,116.61911010742188
2026-09-08T10:00:20.436940Z,v1000,RF_v1000,120.96870422363281,0.5354881286621094,115.4332160949707
2026-09-08T10:00:21.160706Z,v1000,RF_v1000,116.37223243713379,0.0,111.37223243713379
2026-09-08T10:00:21.852945Z,v1000,RF_v1000,121.47295951843262,0.5259513854980469,115.94700813293457
2026-09-08T10:00:22.769080Z,v1000,RF_v1000,134.72164154052734,0.5199909210205078,129.20165061950684
2026-09-08T10:00:23.509440Z,v1000,RF_v1000,117.99395561218262,0.5331039428710938,112.46085166931152
2026-09-08T10:00:24.187625Z,v1000,RF_v1000,314.4801902770996,0.5192756652832031,308.9609146118164
2026-09-08T10:00:25.101946Z,v1000,RF_v1000,118.16847801208496,0.0,113.16847801208496
2026-09-08T10:00:25.829585Z,v1000,RF_v1000,117.39814758300781,0.5342960357666016,111.86385154724121
2026-09-08T10:00:26.549791Z,v1000,RF_v1000,123.25823783874512,0.0,118.25823783874512
2026-09-08T10:00:27.550342Z,v1000,RF_v1000,121.43552780151367,0.5269050598144531,115.90862274169922
2026-09-08T10:00:28.290686Z,v1000,RF_v1000,120.68140983581543,0.5464553833007812,115.13495445251465
2026-09-08T10:00:29.010684Z,v1000,RF_v1000,117.04838752746582,0.5331039428710938,111.51528358459473
2026-09-08T10:00:29.704089Z,v1000,RF_v1000,126.91152572631836,0.52642822265625,121.38509750366211
2026-09-08T10:00:30.668915Z,v1000,RF_v1000,118.97099494934082,0.5369186401367188,113.4340763092041
2026-09-08T10:00:31.392555Z,v1000,RF_v1000,116.35125160217285,0.0,111.35125160217285
2026-09-08T10:00:32.079405Z,v1000,RF_v1000,118.9376163482666,0.5309581756591797,113.40665817260742
2026-09-08T10:00:33.000122Z,v1000,RF_v1000,118.91806602478027,0.5283355712890625,113.38973045349121
2026-09-08T10:00:33.745404Z,v1000,RF_v1000,118.44170570373535,0.5178451538085938,112.92386054992676
2026-09-08T10:00:34.448633Z,v1000,RF_v1000,116.77587509155273,0.5242824554443359,111.2515926361084
2026-09-08T10:00:35.364300Z,v1000,RF_v1000,126.8116283416748,0.5218982696533203,121.28973007202148
2026-09-08T10:00:36.114241Z,v1000,RF_v1000,118.98959159851074,0.0,113.98959159851074
2026-09-08T10:00:36.845142Z,v1000,RF_v1000,119.49289321899414,0.5211830139160156,113.97171020507812
2026-09-08T10:00:37.557335Z,v1000,RF_v1000,119.87388610839844,0.5288124084472656,114.34507369995117
2026-09-08T10:00:38.494179Z,v1000,RF_v1000,120.83638191223145,0.5245208740234375,115.31186103820801
2026-09-08T10:00:39.230494Z,v1000,RF_v1000,121.03474617004395,0.0,116.03474617004395
2026-09-08T10:00:39.977421Z,v1000,RF_v1000,316.9468688964844,0.514984130859375,311.431884765625
2026-09-08T10:00:40.921137Z,v1000,RF_v1000,120.203857421875,0.5311965942382812,114.67266082763672
2026-09-08T10:00:41.662438Z,v1000,RF_v1000,120.24081230163574,0.5402565002441406,114.7005558013916
2026-09-08T10:00:42.365416Z,v1000,RF_v1000,122.77806282043457,0.0,117.77806282043457
2026-09-08T10:00:43.293419Z,v1000,RF_v1000,118.60955238342285,0.0,113.60955238342285
2026-09-08T10:00:44.037368Z,v1000,RF_v1000,119.05539512634277,0.0,114.05539512634277
2026-09-08T10:00:44.802257Z,v1000,RF_v1000,118.72256278991699,0.6062984466552734,113.11626434326172
2026-09-08T10:00:45.727118Z,v1000,RF_v1000,121.1808967590332,0.0,116.1808967590332
2026-09-08T10:00:46.482857Z,v1000,RF_v1000,117.94245719909668,0.0,112.94245719909668
2026-09-08T10:00:47.213814Z,v1000,RF_v1000,118.34586143493652,0.5259513854980469,112.81991004943848
2026-09-08T10:00:47.952644Z,v1000,RF_v1000,122.38967895507812,0.5207061767578125,116.86897277832031
2026-09-08T10:00:48.896514Z,v1000,RF_v1000,126.43945693969727,0.0,121.43945693969727
2026-09-08T10:00:49.647214Z,v1000,RF_v1000,120.00120162963867,0.0,115.00120162963867
2026-09-08T10:00:50.361597Z,v1000,RF_v1000,121.16826057434082,0.0,116.16826057434082
2026-09-08T10:00:51.320250Z,v1000,RF_v1000,121.41263961791992,0.5276203155517578,115.88501930236816
2026-09-08T10:00:52.078259Z,v1000,RF_v1000,118.96503448486328,0.0,113.96503448486328
2026-09-08T10:00:52.810226Z,v1000,RF_v1000,118.43240737915039,0.0,113.43240737915039
2026-09-08T10:00:53.765615Z,v1000,RF_v1000,123.0875301361084,0.5247592926025391,117.56277084350586
2026-09-08T10:00:54.526221Z,v1000,RF_v1000,119.11619186401367,0.5195140838623047,113.59667778015137
2026-09-08T10:00:55.260102Z,v1000,RF_v1000,118.15560340881348,0.5390644073486328,112.61653900146484
2026-09-08T10:00:56.199010Z,v1000,RF_v1000,121.49560928344727,0.0,116.49560928344727
2026-09-08T10:00:56.957163Z,v1000,RF_v1000,124.26794052124023,0.5202293395996094,118.74771118164062
2026-09-08T10:00:57.712232Z,v1000,RF_v1000,117.39266395568848,0.0,112.39266395568848
2026-09-08T10:00:58.640848Z,v1000,RF_v1000,120.60750007629395,0.0,115.60750007629395
2026-09-08T10:00:59.411877Z,v1000,RF_v1000,128.72708320617676,0.0,123.72708320617676
2026-09-08T10:01:00.233318Z,v1000,RF_v1000,126.52266502380371,0.5321502685546875,120.99051475524902
2026-09-08T10:01:01.222710Z,v1000,RF_v1000,134.43339347839355,0.5364418029785156,128.89695167541504
2026-09-08T10:01:02.011433Z,v1000,RF_v1000,120.21506309509277,0.5469322204589844,114.66813087463379
2026-09-08T10:01:02.786113Z,v1000,RF_v1000,319.9583339691162,0.530242919921875,314.42809104919434
2026-09-08T10:01:03.744411Z,v1000,RF_v1000,120.48948287963867,0.5221366882324219,114.96734619140625
2026-09-08T10:01:04.525137Z,v1000,RF_v1000,118.5413646697998,0.5350112915039062,113.0063533782959
2026-09-08T10:01:05.289013Z,v1000,RF_v1000,119.30621147155762,0.0,114.30621147155762
2026-09-08T10:01:06.270933Z,v1000,RF_v1000,131.94478034973145,0.5295276641845703,126.41525268554688
2026-09-08T10:01:07.079890Z,v1000,RF_v1000,119.87364768981934,0.5266666412353516,114.34698104858398
2026-09-08T10:01:07.839177Z,v1000,RF_v1000,118.10672760009766,0.5269050598144531,112.5798225402832
2026-09-08T10:01:08.772696Z,v1000,RF_v1000,122.50340461730957,0.5238056182861328,116.97959899902344
2026-09-08T10:01:09.546446Z,v1000,RF_v1000,120.71526527404785,0.0,115.71526527404785
2026-09-08T10:01:10.315964Z,v1000,RF_v1000,120.13209342956543,0.518798828125,114.61329460144043
2026-09-08T10:01:11.268764Z,v1000,RF_v1000,119.49956893920898,0.5292892456054688,113.97027969360352
2026-09-08T10:01:12.096757Z,v1000,RF_v1000,122.7666187286377,0.5316734313964844,117.23494529724121
2026-09-08T10:01:12.861455Z,v1000,RF_v1000,118.0075454711914,0.5385875701904297,112.46895790100098
2026-09-08T10:01:13.816148Z,v1000,RF_v1000,121.23644828796387,0.0,116.23644828796387
2026-09-08T10:01:14.600073Z,v1000,RF_v1000,121.84608459472656,0.5166530609130859,116.32943153381348
2026-09-08T10:01:15.379040Z,v1000,RF_v1000,119.84670639038086,0.5292892456054688,114.31741714477539
2026-09-08T10:01:16.337165Z,v1000,RF_v1000,120.1418685913086,0.530242919921875,114.61162567138672
2026-09-08T10:01:17.112420Z,v1000,RF_v1000,124.9803352355957,0.5271434783935547,119.45319175720215
2026-09-08T10:01:17.874599Z,v1000,RF_v1000,117.69330978393555,0.5397796630859375,112.15353012084961
2026-09-08T10:01:18.850852Z,v1000,RF_v1000,122.59018898010254,0.0,117.59018898010254
2026-09-08T10:01:19.663271Z,v1000,RF_v1000,121.10531806945801,0.5240440368652344,115.58127403259277
2026-09-08T10:01:20.447258Z,v1000,RF_v1000,313.7775707244873,0.5290508270263672,308.24851989746094
2026-09-08T10:01:21.414131Z,v1000,RF_v1000,120.05579948425293,0.5178451538085938,114.53795433044434
2026-09-08T10:01:22.195475Z,v1000,RF_v1000,121.38402938842773,1.0907649993896484,115.29326438903809
2026-09-08T10:01:22.964253Z,v1000,RF_v1000,116.99474334716797,0.0,111.99474334716797
2026-09-08T10:01:23.948345Z,v1000,RF_v1000,121.79816246032715,0.0,116.79816246032715
2026-09-08T10:01:24.751854Z,v1000,RF_v1000,120.80491065979004,0.5390644073486328,115.2658462524414
2026-09-08T10:01:25.523668Z,v1000,RF_v1000,347.9911136627197,0.5242824554443359,342.4668312072754
2026-09-08T10:01:26.525705Z,v1000,RF_v1000,125.64743041992188,0.5197525024414062,120.12767791748047
2026-09-08T10:01:27.331062Z,v1000,RF_v1000,118.76595497131348,0.5240440368652344,113.24191093444824
2026-09-08T10:01:28.102096Z,v1000,RF_v1000,119.82501029968262,0.5245208740234375,114.30048942565918
2026-09-08T10:01:29.066273Z,v1000,RF_v1000,121.12343788146973,0.0,116.12343788146973
2026-09-08T10:01:29.875215Z,v1000,RF_v1000,119.7453784942627,1.0592937469482422,113.68608474731445
2026-09-08T10:01:30.654551Z,v1000,RF_v1000,130.99587440490723,0.5183219909667969,125.47755241394043
2026-09-08T10:01:31.656647Z,v1000,RF_v1000,140.17141342163086,0.5385875701904297,134.63282585144043
2026-09-08T10:01:32.533222Z,v1000,RF_v1000,122.61140823364258,0.5481243133544922,117.06328392028809
2026-09-08T10:01:33.325083Z,v1000,RF_v1000,122.64812469482422,0.5357265472412109,117.11239814758301
2026-09-08T10:01:34.305238Z,v1000,RF_v1000,122.55967140197754,0.5331039428710938,117.02656745910645
2026-09-08T10:01:35.118290Z,v1000,RF_v1000,121.97649955749512,0.5316734313964844,116.44482612609863
2026-09-08T10:01:35.927653Z,v1000,RF_v1000,122.4476146697998,0.0,117.4476146697998
2026-09-08T10:01:36.908274Z,v1000,RF_v1000,121.75477027893066,0.5314350128173828,116.22333526611328
2026-09-08T10:01:37.720406Z,v1000,RF_v1000,123.1633472442627,0.5419254302978516,117.62142181396484
2026-09-08T10:01:38.518174Z,v1000,RF_v1000,121.4402961730957,0.5390644073486328,115.90123176574707
2026-09-08T10:01:39.521905Z,v1000,RF_v1000,120.11826515197754,0.5462169647216797,114.57204818725586
2026-09-08T10:01:40.327975Z,v1000,RF_v1000,123.2408332824707,0.5292892456054688,117.71154403686523
2026-09-08T10:01:41.349540Z,v1000,RF_v1000,120.6466007232666,0.5269050598144531,115.11969566345215
2026-09-08T10:01:42.135107Z,v1000,RF_v1000,120.56315422058105,0.0,115.56315422058105
2026-09-08T10:01:42.959906Z,v1000,RF_v1000,119.61591720581055,1.0907649993896484,113.5251522064209
2026-09-08T10:01:43.980436Z,v1000,RF_v1000,119.22848701477051,0.0,114.22848701477051
2026-09-08T10:01:44.775478Z,v1000,RF_v1000,123.70670318603516,0.591278076171875,118.11542510986328
2026-09-08T10:01:45.622600Z,v1000,RF_v1000,117.95056343078613,0.5335807800292969,112.41698265075684
2026-09-08T10:01:46.607489Z,v1000,RF_v1000,120.52762985229492,0.0,115.52762985229492
2026-09-08T10:01:47.400599Z,v1000,RF_v1000,122.86603927612305,0.5314350128173828,117.33460426330566
2026-09-08T10:01:48.219991Z,v1000,RF_v1000,126.27232551574707,0.0,121.27232551574707
2026-09-08T10:01:49.269694Z,v1000,RF_v1000,125.03064155578613,0.5338191986083984,119.49682235717773
2026-09-08T10:01:50.147233Z,v1000,RF_v1000,122.08879470825195,0.5273818969726562,116.5614128112793
2026-09-08T10:01:50.955793Z,v1000,RF_v1000,315.70446968078613,0.6740093231201172,310.030460357666
2026-09-08T10:01:51.960761Z,v1000,RF_v1000,122.2797679901123,0.5204677581787109,116.7593002319336
2026-09-08T10:01:52.791722Z,v1000,RF_v1000,122.18392372131348,1.0750293731689453,116.10889434814453
2026-09-08T10:01:53.607008Z,v1000,RF_v1000,117.46633529663086,0.0,112.46633529663086
2026-09-08T10:01:54.603907Z,v1000,RF_v1000,122.31719970703125,0.5388259887695312,116.77837371826172
2026-09-08T10:01:55.440433Z,v1000,RF_v1000,121.60122871398926,0.0,116.60122871398926
2026-09-08T10:01:56.246608Z,v1000,RF_v1000,123.92032623291016,0.5209445953369141,118.39938163757324
2026-09-08T10:01:57.254769Z,v1000,RF_v1000,121.61267280578613,0.5152225494384766,116.09745025634766
2026-09-08T10:01:58.105979Z,v1000,RF_v1000,121.71137809753418,0.5228519439697266,116.18852615356445
2026-09-08T10:01:59.114986Z,v1000,RF_v1000,121.76168441772461,0.0,116.76168441772461
2026-09-08T10:01:59.920306Z,v1000,RF_v1000,135.0361156463623,0.5245208740234375,129.51159477233887
2026-09-08T10:02:00.800922Z,v1000,RF_v1000,329.15246963500977,0.5285739898681641,323.6238956451416
2026-09-08T10:02:01.825466Z,v1000,RF_v1000,120.04721641540527,0.5335807800292969,114.51363563537598
2026-09-08T10:02:02.627416Z,v1000,RF_v1000,120.75651168823242,0.5207061767578125,115.23580551147461
2026-09-08T10:02:03.457368Z,v1000,RF_v1000,121.71757698059082,0.0,116.71757698059082
2026-09-08T10:02:04.491452Z,v1000,RF_v1000,125.02873420715332,0.0,120.02873420715332
2026-09-08T10:02:05.338363Z,v1000,RF_v1000,123.38746070861816,0.5190372467041016,117.86842346191406
2026-09-08T10:02:06.230993Z,v1000,RF_v1000,118.35468292236328,0.5247592926025391,112.82992362976074
2026-09-08T10:02:07.241202Z,v1000,RF_v1000,120.78583717346191,0.5314350128173828,115.25440216064453
2026-09-08T10:02:08.098079Z,v1000,RF_v1000,122.96188354492188,0.0,117.96188354492188
2026-09-08T10:02:09.194092Z,v1000,RF_v1000,119.08114433288574,0.5488395690917969,113.53230476379395
2026-09-08T10:02:10.018551Z,v1000,RF_v1000,124.6141242980957,0.5252361297607422,119.08888816833496
2026-09-08T10:02:10.863409Z,v1000,RF_v1000,120.80038070678711,0.5252361297607422,115.27514457702637
2026-09-08T10:02:11.913248Z,v1000,RF_v1000,120.55838584899902,0.5209445953369141,115.03744125366211
2026-09-08T10:02:12.734480Z,v1000,RF_v1000,120.04745483398438,0.5345344543457031,114.51292037963867
2026-09-08T10:02:13.549864Z,v1000,RF_v1000,121.02497100830078,0.5331039428710938,115.49186706542969
2026-09-08T10:02:14.600267Z,v1000,RF_v1000,122.45619773864746,0.0,117.45619773864746
2026-09-08T10:02:15.423114Z,v1000,RF_v1000,120.81158638000488,0.5257129669189453,115.28587341308594
2026-09-08T10:02:16.241763Z,v1000,RF_v1000,122.645263671875,0.5228519439697266,117.12241172790527
2026-09-08T10:02:17.324574Z,v1000,RF_v1000,121.2559986114502,0.0,116.2559986114502
2026-09-08T10:02:18.154791Z,v1000,RF_v1000,118.76404762268066,0.5362033843994141,113.22784423828125
2026-09-08T10:02:18.969799Z,v1000,RF_v1000,120.93842506408691,0.0,115.93842506408691
2026-09-08T10:02:20.019366Z,v1000,RF_v1000,120.92769622802734,0.522613525390625,115.40508270263672
2026-09-08T10:02:20.847637Z,v1000,RF_v1000,119.44902420043945,0.0,114.44902420043945
2026-09-08T10:02:21.887866Z,v1000,RF_v1000,137.88402557373047,0.0,132.88402557373047
2026-09-08T10:02:22.836486Z,v1000,RF_v1000,121.83940887451172,0.522613525390625,116.3167953491211
2026-09-08T10:02:23.666659Z,v1000,RF_v1000,119.51172828674316,0.0,114.51172828674316
2026-09-08T10:02:24.688774Z,v1000,RF_v1000,119.1958236694336,0.5292892456054688,113.66653442382812
2026-09-08T10:02:25.573570Z,v1000,RF_v1000,122.04206466674805,0.5223751068115234,116.51968955993652
2026-09-08T10:02:26.396780Z,v1000,RF_v1000,121.7593002319336,0.5223751068115234,116.23692512512207
2026-09-08T10:02:27.429881Z,v1000,RF_v1000,120.71097373962402,0.5185604095458984,115.19241333007812
2026-09-08T10:02:28.281454Z,v1000,RF_v1000,118.21783065795898,0.5331039428710938,112.68472671508789
2026-09-08T10:02:29.351488Z,v1000,RF_v1000,119.54200744628906,0.52642822265625,114.01557922363281
2026-09-08T10:02:30.203659Z,v1000,RF_v1000,121.1201000213623,0.5209445953369141,115.59915542602539
2026-09-08T10:02:31.050420Z,v1000,RF_v1000,118.86585235595703,0.5207061767578125,113.34514617919922
2026-09-08T10:02:32.065874Z,v1000,RF_v1000,142.831449508667,0.5218982696533203,137.30955123901367
2026-09-08T10:02:32.966580Z,v1000,RF_v1000,120.70024490356445,0.5452632904052734,115.15498161315918
2026-09-08T10:02:34.009566Z,v1000,RF_v1000,122.51723289489746,0.5338191986083984,116.98341369628906
2026-09-08T10:02:34.844144Z,v1000,RF_v1000,122.61093139648438,0.0,117.61093139648438
2026-09-08T10:02:35.704628Z,v1000,RF_v1000,120.20004272460938,0.5238056182861328,114.67623710632324
2026-09-08T10:02:36.753503Z,v1000,RF_v1000,118.8772964477539,0.5192756652832031,113.3580207824707
2026-09-08T10:02:37.597496Z,v1000,RF_v1000,122.63906478881836,0.0,117.63906478881836
2026-09-08T10:02:38.457020Z,v1000,RF_v1000,118.97957801818848,0.0,113.97957801818848
2026-09-08T10:02:39.511889Z,v1000,RF_v1000,122.70749092102051,0.5261898040771484,117.18130111694336
2026-09-08T10:02:40.371847Z,v1000,RF_v1000,121.39022827148438,0.6072521209716797,115.7829761505127
2026-09-08T10:02:41.227326Z,v1000,RF_v1000,118.39044570922852,0.5373954772949219,112.8530502319336
2026-09-08T10:02:42.248623Z,v1000,RF_v1000,122.29764938354492,0.5247592926025391,116.77289009094238
2026-09-08T10:02:43.125672Z,v1000,RF_v1000,123.3922290802002,0.0,118.3922290802002
2026-09-08T10:02:44.199833Z,v1000,RF_v1000,119.77327346801758,0.6496906280517578,114.12358283996582
2026-09-08T10:02:45.026033Z,v1000,RF_v1000,132.75158882141113,0.5235671997070312,127.2280216217041
2026-09-08T10:02:45.921729Z,v1000,RF_v1000,129.4943141937256,0.5328655242919922,123.9614486694336
2026-09-08T10:02:47.040195Z,v1000,RF_v1000,125.39303779602051,0.5211830139160156,119.87185478210449
2026-09-08T10:02:47.919923Z,v1000,RF_v1000,120.9830093383789,0.5316734313964844,115.45133590698242
2026-09-08T10:02:48.997288Z,v1000,RF_v1000,122.48266220092773,0.5235671997070312,116.9590950012207
2026-09-08T10:02:49.869332Z,v1000,RF_v1000,124.42505836486816,0.5338191986083984,118.89123916625977
2026-09-08T10:02:50.734122Z,v1000,RF_v1000,149.3157196044922,0.0,144.3157196044922
2026-09-08T10:02:51.900814Z,v1000,RF_v1000,122.76065826416016,0.0,117.76065826416016
2026-09-08T10:02:52.775901Z,v1000,RF_v1000,122.76518821716309,0.5440711975097656,117.22111701965332
2026-09-08T10:02:53.818211Z,v1000,RF_v1000,127.15638160705566,0.0,122.15638160705566
2026-09-08T10:02:54.704109Z,v1000,RF_v1000,124.62437629699707,0.5428791046142578,119.08149719238281
2026-09-08T10:02:55.600116Z,v1000,RF_v1000,121.74833297729492,0.5242824554443359,116.22405052185059
2026-09-08T10:02:56.663734Z,v1000,RF_v1000,122.6156997680664,0.0,117.6156997680664
2026-09-08T10:02:57.557591Z,v1000,RF_v1000,120.64779281616211,0.0,115.64779281616211
2026-09-08T10:02:58.633650Z,v1000,RF_v1000,122.12312698364258,0.5507469177246094,116.57238006591797
2026-09-08T10:02:59.495730Z,v1000,RF_v1000,122.6900863647461,0.5300045013427734,117.16008186340332
2026-09-08T10:03:00.380845Z,v1000,RF_v1000,329.88536834716797,0.0,324.88536834716797
2026-09-08T10:03:01.468492Z,v1000,RF_v1000,119.97664451599121,0.5204677581787109,114.4561767578125
2026-09-08T10:03:02.351207Z,v1000,RF_v1000,121.21332168579102,0.0,116.21332168579102
2026-09-08T10:03:03.232492Z,v1000,RF_v1000,119.23873901367188,0.5247592926025391,113.71397972106934
2026-09-08T10:03:04.326542Z,v1000,RF_v1000,127.35355377197266,0.5240440368652344,121.82950973510742
2026-09-08T10:03:05.232380Z,v1000,RF_v1000,316.5413188934326,0.5352497100830078,311.0060691833496
2026-09-08T10:03:06.323032Z,v1000,RF_v1000,123.25919151306152,0.5652904510498047,117.69390106201172
2026-09-08T10:03:07.206196Z,v1000,RF_v1000,122.32149124145508,0.5278587341308594,116.79363250732422
2026-09-08T10:03:08.094247Z,v1000,RF_v1000,121.0438060760498,0.5180835723876953,115.52572250366211
2026-09-08T10:03:09.146423Z,v1000,RF_v1000,126.7038631439209,0.5240440368652344,121.17981910705566
2026-09-08T10:03:10.036527Z,v1000,RF_v1000,320.23656845092773,0.0,315.23656845092773
2026-09-08T10:03:11.118472Z,v1000,RF_v1000,117.73574829101562,0.0,112.73574829101562
2026-09-08T10:03:11.997177Z,v1000,RF_v1000,122.24972724914551,0.5207061767578125,116.7290210723877
2026-09-08T10:03:13.088811Z,v1000,RF_v1000,122.85149574279785,0.5335807800292969,117.31791496276855
2026-09-08T10:03:13.980969Z,v1000,RF_v1000,123.07751655578613,0.5447864532470703,117.53273010253906
2026-09-08T10:03:14.838010Z,v1000,RF_v1000,339.82861518859863,0.0,334.82861518859863
2026-09-08T10:03:15.946983Z,v1000,RF_v1000,120.8137321472168,0.0,115.8137321472168
2026-09-08T10:03:16.843969Z,v1000,RF_v1000,122.7828311920166,0.5996227264404297,117.18320846557617
2026-09-08T10:03:17.930987Z,v1000,RF_v1000,124.16160583496094,0.5381107330322266,118.62349510192871
2026-09-08T10:03:18.831400Z,v1000,RF_v1000,121.85323715209961,0.5359649658203125,116.3172721862793
2026-09-08T10:03:19.739055Z,v1000,RF_v1000,120.69094657897949,0.5362033843994141,115.15474319458008
2026-09-08T10:03:20.804723Z,v1000,RF_v1000,135.33199310302734,0.5216598510742188,129.81033325195312
2026-09-08T10:03:21.720928Z,v1000,RF_v1000,122.72394180297852,0.5288124084472656,117.19512939453125
2026-09-08T10:03:22.819918Z,v1000,RF_v1000,122.2800064086914,0.5304813385009766,116.74952507019043
2026-09-08T10:03:23.703538Z,v1000,RF_v1000,122.62785911560059,0.5393028259277344,117.08855628967285
2026-09-08T10:03:24.635374Z,v1000,RF_v1000,117.84613609313965,0.0,112.84613609313965
2026-09-08T10:03:25.718253Z,v1000,RF_v1000,122.51246452331543,0.0,117.51246452331543
2026-09-08T10:03:26.604953Z,v1000,RF_v1000,122.14649200439453,0.5404949188232422,116.60599708557129
2026-09-08T10:03:27.735493Z,v1000,RF_v1000,120.16141891479492,0.5381107330322266,114.6233081817627
2026-09-08T10:03:28.620203Z,v1000,RF_v1000,124.36736106872559,0.5257129669189453,118.84164810180664
2026-09-08T10:03:29.544692Z,v1000,RF_v1000,319.8918151855469,0.5171298980712891,314.3746852874756
2026-09-08T10:03:30.676307Z,v1000,RF_v1000,118.94238471984863,0.5598068237304688,113.38257789611816
2026-09-08T10:03:31.585307Z,v1000,RF_v1000,122.3102855682373,0.5424022674560547,116.76788330078125
2026-09-08T10:03:32.720132Z,v1000,RF_v1000,124.98820304870605,0.5414485931396484,119.4467544555664
2026-09-08T10:03:33.701729Z,v1000,RF_v1000,125.17226219177246,1.417398452758789,118.75486373901367
2026-09-08T10:03:34.645228Z,v1000,RF_v1000,124.38309669494629,0.5230903625488281,118.86000633239746
2026-09-08T10:03:35.805969Z,v1000,RF_v1000,136.17384910583496,0.5297660827636719,130.6440830230713
2026-09-08T10:03:36.802577Z,v1000,RF_v1000,121.2714958190918,0.5204677581787109,115.75102806091309
2026-09-08T10:03:37.899669Z,v1000,RF_v1000,122.11382865905762,0.514984130859375,116.59884452819824
2026-09-08T10:03:38.825194Z,v1000,RF_v1000,136.78753852844238,0.0,131.78753852844238
2026-09-08T10:03:39.765612Z,v1000,RF_v1000,125.15366554260254,0.5385875701904297,119.61507797241211
2026-09-08T10:03:40.903614Z,v1000,RF_v1000,130.80251693725586,0.5562305450439453,125.24628639221191
2026-09-08T10:03:41.971741Z,v1000,RF_v1000,348.3489799499512,0.5316734313964844,342.8173065185547
2026-09-08T10:03:43.182410Z,v1000,RF_v1000,131.7540454864502,0.5478858947753906,126.2061595916748
2026-09-08T10:03:44.193271Z,v1000,RF_v1000,133.58128547668457,0.5321502685546875,128.04913520812988
2026-09-08T10:03:45.437826Z,v1000,RF_v1000,129.18079376220703,0.5280971527099609,123.65269660949707
2026-09-08T10:03:46.369593Z,v1000,RF_v1000,135.23138046264648,0.5621910095214844,129.669189453125
2026-09-08T10:03:47.385734Z,v1000,RF_v1000,127.80011177062988,0.5297660827636719,122.27034568786621
2026-09-08T10:03:48.576238Z,v1000,RF_v1000,135.26762008666992,0.5443096160888672,129.72331047058105
2026-09-08T10:03:49.561257Z,v1000,RF_v1000,142.3879909515381,0.5364418029785156,136.85154914855957
2026-09-08T10:03:50.816540Z,v1000,RF_v1000,120.94367027282715,0.0,115.94367027282715
2026-09-08T10:03:51.722694Z,v1000,RF_v1000,119.43805694580078,0.0,114.43805694580078
2026-09-08T10:03:52.626996Z,v1000,RF_v1000,121.6071891784668,0.5371570587158203,116.07003211975098
2026-09-08T10:03:53.758760Z,v1000,RF_v1000,119.98713493347168,0.5297660827636719,114.45736885070801
2026-09-08T10:03:54.657795Z,v1000,RF_v1000,125.98884582519531,0.5223751068115234,120.46647071838379
2026-09-08T10:03:55.857033Z,v1000,RF_v1000,124.66252326965332,0.5266666412353516,119.13585662841797
2026-09-08T10:03:56.840904Z,v1000,RF_v1000,124.91262435913086,0.5333423614501953,119.37928199768066
2026-09-08T10:03:58.035772Z,v1000,RF_v1000,128.49677085876465,0.5300045013427734,122.96676635742188
2026-09-08T10:03:59.005693Z,v1000,RF_v1000,131.40738487243652,0.5350112915039062,125.87237358093262
2026-09-08T10:04:00.013127Z,v1000,RF_v1000,129.46832656860352,1.1649131774902344,123.30341339111328
2026-09-08T10:04:01.243464Z,v1000,RF_v1000,123.12520027160645,0.6132125854492188,117.51198768615723
2026-09-08T10:04:02.230749Z,v1000,RF_v1000,136.6237449645996,0.5161762237548828,131.10756874084473
2026-09-08T10:04:03.432153Z,v1000,RF_v1000,128.12602996826172,0.5288124084472656,122.59721755981445
2026-09-08T10:04:04.452074Z,v1000,RF_v1000,129.74560737609863,0.5352497100830078,124.21035766601562
2026-09-08T10:04:05.658975Z,v1000,RF_v1000,130.20241737365723,0.54168701171875,124.66073036193848
2026-09-08T10:04:06.615921Z,v1000,RF_v1000,125.98908424377441,0.5457401275634766,120.44334411621094
2026-09-08T10:04:07.581487Z,v1000,RF_v1000,125.86844444274902,0.5445480346679688,120.32389640808105
2026-09-08T10:04:08.737791Z,v1000,RF_v1000,130.75387954711914,0.5388259887695312,125.21505355834961
2026-09-08T10:04:09.678414Z,v1000,RF_v1000,125.13125419616699,0.5385875701904297,119.59266662597656
2026-09-08T10:04:10.860280Z,v1000,RF_v1000,125.79334259033203,0.5307197570800781,120.26262283325195
2026-09-08T10:04:11.806550Z,v1000,RF_v1000,131.70397758483887,0.5400180816650391,126.16395950317383
2026-09-08T10:04:12.969068Z,v1000,RF_v1000,135.659818649292,0.5173683166503906,130.1424503326416
2026-09-08T10:04:13.927384Z,v1000,RF_v1000,123.1495189666748,0.0,118.1495189666748
2026-09-08T10:04:14.865542Z,v1000,RF_v1000,122.73276329040527,0.5314350128173828,117.20132827758789
2026-09-08T10:04:16.004439Z,v1000,RF_v1000,123.50118637084961,0.5271434783935547,117.97404289245605
2026-09-08T10:04:16.950905Z,v1000,RF_v1000,118.45553398132324,0.0,113.45553398132324
2026-09-08T10:04:18.037609Z,v1000,RF_v1000,126.28758430480957,0.5342960357666016,120.75328826904297
2026-09-08T10:04:19.000683Z,v1000,RF_v1000,191.59543991088867,0.6361007690429688,185.9593391418457
2026-09-08T10:04:20.486241Z,v1000,RF_v1000,177.59836196899414,0.5388259887695312,172.0595359802246
2026-09-08T10:04:21.884485Z,v1000,RF_v1000,192.3304843902588,0.5624294281005859,186.7680549621582
2026-09-08T10:04:23.298865Z,v1000,RF_v1000,161.85272216796875,0.5550384521484375,156.2976837158203
2026-09-08T10:04:24.900252Z,v1000,RF_v1000,188.20465087890625,0.5395412445068359,182.6651096343994
2026-09-08T10:04:26.339868Z,v1000,RF_v1000,387.48538970947266,1.0597705841064453,381.4256191253662
2026-09-08T10:04:27.879584Z,v1000,RF_v1000,188.09473991394043,0.5295276641845703,182.56521224975586
2026-09-08T10:04:29.242575Z,v1000,RF_v1000,167.66369819641113,0.5373954772949219,162.1263027191162
2026-09-08T10:04:30.820946Z,v1000,RF_v1000,161.9068431854248,1.085042953491211,155.8218002319336
2026-09-08T10:04:32.115955Z,v1000,RF_v1000,176.2973117828369,0.5366802215576172,170.7606315612793
2026-09-08T10:04:33.470142Z,v1000,RF_v1000,187.77311325073242,0.5631446838378906,182.20996856689453
2026-09-08T10:04:35.025696Z,v1000,RF_v1000,167.69159317016602,0.5357265472412109,162.1558666229248
2026-09-08T10:04:36.372261Z,v1000,RF_v1000,189.78798866271973,0.0,184.78798866271973
2026-09-08T10:04:38.014454Z,v1000,RF_v1000,187.38425254821777,0.5280971527099609,181.8561553955078
2026-09-08T10:04:39.472741Z,v1000,RF_v1000,172.7236557006836,0.5300045013427734,167.19365119934082
2026-09-08T10:04:41.079359Z,v1000,RF_v1000,186.94293975830078,0.522613525390625,181.42032623291016
2026-09-08T10:04:42.531130Z,v1000,RF_v1000,175.29953002929688,0.5388259887695312,169.76070404052734
2026-09-08T10:04:44.133410Z,v1000,RF_v1000,169.36076164245605,0.5469322204589844,163.81382942199707
2026-09-08T10:04:45.573979Z,v1000,RF_v1000,177.71113395690918,0.5280971527099609,172.18303680419922
2026-09-08T10:04:46.911944Z,v1000,RF_v1000,165.94517707824707,0.6384849548339844,160.3066921234131
2026-09-08T10:04:48.509010Z,v1000,RF_v1000,185.2351474761963,0.5383491516113281,179.69679832458496
2026-09-08T10:04:49.925642Z,v1000,RF_v1000,186.66279792785645,0.5307197570800781,181.13207817077637
2026-09-08T10:04:51.607858Z,v1000,RF_v1000,171.9299602508545,0.5311965942382812,166.3987636566162
2026-09-08T10:04:53.066099Z,v1000,RF_v1000,172.36292839050293,0.54168701171875,166.82124137878418
2026-09-08T10:04:54.684289Z,v1000,RF_v1000,183.3609390258789,1.0905265808105469,177.27041244506836
2026-09-08T10:04:56.199252Z,v1000,RF_v1000,194.48745727539062,0.5269050598144531,188.96055221557617
2026-09-08T10:04:57.891467Z,v1000,RF_v1000,172.0401096343994,0.5288124084472656,166.51129722595215
2026-09-08T10:04:59.297633Z,v1000,RF_v1000,179.66259002685547,1.068115234375,173.59447479248047
2026-09-08T10:05:00.768633Z,v1000,RF_v1000,176.90051078796387,0.5283355712890625,171.3721752166748
2026-09-08T10:05:02.362969Z,v1000,RF_v1000,191.2318515777588,0.5631446838378906,185.6687068939209
2026-09-08T10:05:03.792298Z,v1000,RF_v1000,437.10482597351074,0.5388259887695312,431.5659999847412
2026-09-08T10:05:05.531410Z,v1000,RF_v1000,162.30786323547363,0.54168701171875,156.76617622375488
2026-09-08T10:05:06.926669Z,v1000,RF_v1000,193.42506408691406,0.5209445953369141,187.90411949157715
2026-09-08T10:05:08.642115Z,v1000,RF_v1000,174.62313652038574,0.5331039428710938,169.09003257751465
2026-09-08T10:05:10.103301Z,v1000,RF_v1000,181.65863037109375,0.5371570587158203,176.12147331237793
2026-09-08T10:05:11.826165Z,v1000,RF_v1000,176.51641845703125,0.5438327789306641,170.9725856781006
2026-09-08T10:05:13.270273Z,v1000,RF_v1000,182.7801513671875,0.5400180816650391,177.24013328552246
2026-09-08T10:05:14.743157Z,v1000,RF_v1000,189.82327461242676,1.0707378387451172,183.75253677368164
2026-09-08T10:05:16.498315Z,v1000,RF_v1000,169.79873657226562,0.5347728729248047,164.26396369934082
2026-09-08T10:05:17.919199Z,v1000,RF_v1000,187.6939582824707,0.5290508270263672,182.16490745544434
2026-09-08T10:05:19.620162Z,v1000,RF_v1000,200.94359397888184,0.5438327789306641,195.39976119995117
2026-09-08T10:05:21.153890Z,v1000,RF_v1000,417.1582508087158,0.5366802215576172,411.6215705871582
2026-09-08T10:05:22.831184Z,v1000,RF_v1000,164.28363800048828,0.530242919921875,158.7533950805664
2026-09-08T10:05:24.308450Z,v1000,RF_v1000,189.3583583831787,0.5288124084472656,183.82954597473145
2026-09-08T10:05:25.954215Z,v1000,RF_v1000,206.11656188964844,1.0859966278076172,200.03056526184082
2026-09-08T10:05:27.464422Z,v1000,RF_v1000,180.16851425170898,0.5395412445068359,174.62897300720215
2026-09-08T10:05:29.140358Z,v1000,RF_v1000,192.18290328979492,0.5567073822021484,186.62619590759277
2026-09-08T10:05:30.646214Z,v1000,RF_v1000,201.81954383850098,1.0793209075927734,195.7402229309082
2026-09-08T10:05:32.184458Z,v1000,RF_v1000,165.22753715515137,0.5388259887695312,159.68871116638184
2026-09-08T10:05:33.849441Z,v1000,RF_v1000,174.62695121765137,0.5233287811279297,169.10362243652344
2026-09-08T10:05:35.320463Z,v1000,RF_v1000,135.9182643890381,0.5385875701904297,130.37967681884766
2026-09-08T10:05:36.678265Z,v1000,RF_v1000,115.5659008026123,0.5381107330322266,110.02779006958008
2026-09-08T10:05:37.665292Z,v1000,RF_v1000,128.3346462249756,0.5211830139160156,122.81346321105957
2026-09-08T10:05:38.900509Z,v1000,RF_v1000,123.19171905517578,0.5300045013427734,117.66171455383301
2026-09-08T10:05:39.956937Z,v1000,RF_v1000,120.04626274108887,0.522613525390625,114.52364921569824
2026-09-08T10:05:41.138541Z,v1000,RF_v1000,118.6620044708252,0.5230903625488281,113.13891410827637
2026-09-08T10:05:42.145180Z,v1000,RF_v1000,118.83461952209473,0.5402565002441406,113.29436302185059
2026-09-08T10:05:43.330496Z,v1000,RF_v1000,121.02497100830078,0.5252361297607422,115.49973487854004
2026-09-08T10:05:44.336253Z,v1000,RF_v1000,130.26655197143555,0.5259513854980469,124.7406005859375
2026-09-08T10:05:45.623252Z,v1000,RF_v1000,124.25244331359863,0.5323886871337891,118.72005462646484
2026-09-08T10:05:46.678831Z,v1000,RF_v1000,123.4701919555664,0.5354881286621094,117.9347038269043
2026-09-08T10:05:47.728517Z,v1000,RF_v1000,119.90249633789062,0.5414485931396484,114.36104774475098
2026-09-08T10:05:48.907578Z,v1000,RF_v1000,121.3792610168457,0.5295276641845703,115.84973335266113
2026-09-08T10:05:49.905822Z,v1000,RF_v1000,119.03417587280273,0.5273818969726562,113.50679397583008
2026-09-08T10:05:51.116919Z,v1000,RF_v1000,121.60480499267578,0.5235671997070312,116.08123779296875
2026-09-08T10:05:52.093565Z,v1000,RF_v1000,133.88240814208984,0.5431175231933594,128.33929061889648
2026-09-08T10:05:53.319563Z,v1000,RF_v1000,122.56730079650879,0.0,117.56730079650879
2026-09-08T10:05:54.331817Z,v1000,RF_v1000,119.36772346496582,0.5440711975097656,113.82365226745605
2026-09-08T10:05:55.550518Z,v1000,RF_v1000,122.33508110046387,0.5495548248291016,116.78552627563477
2026-09-08T10:05:56.565419Z,v1000,RF_v1000,120.72384834289551,0.5340576171875,115.18979072570801
2026-09-08T10:05:57.766988Z,v1000,RF_v1000,120.69380760192871,0.0,115.69380760192871
2026-09-08T10:05:58.796127Z,v1000,RF_v1000,121.63484573364258,0.5276203155517578,116.10722541809082
2026-09-08T10:06:00.032895Z,v1000,RF_v1000,120.23795127868652,0.5254745483398438,114.71247673034668
2026-09-08T10:06:01.026805Z,v1000,RF_v1000,123.07966232299805,0.5292892456054688,117.55037307739258
2026-09-08T10:06:02.306945Z,v1000,RF_v1000,131.85418128967285,0.0,126.85418128967285
2026-09-08T10:06:03.453458Z,v1000,RF_v1000,136.3302516937256,1.0924339294433594,130.23781776428223
2026-09-08T10:06:05.138143Z,v1000,RF_v1000,215.51907539367676,0.5438327789306641,209.9752426147461
2026-09-08T10:06:06.962327Z,v1000,RF_v1000,181.41830444335938,0.0,176.41830444335938
2026-09-08T10:06:08.805305Z,v1000,RF_v1000,126.00625038146973,0.545501708984375,120.46074867248535
2026-09-08T10:06:09.977899Z,v1000,RF_v1000,125.69058418273926,0.5624294281005859,120.12815475463867
2026-09-08T10:06:11.029363Z,v1000,RF_v1000,125.44692039489746,0.0,120.44692039489746
2026-09-08T10:06:12.267882Z,v1000,RF_v1000,121.56332015991211,0.6899833679199219,115.87333679199219
2026-09-08T10:06:13.323747Z,v1000,RF_v1000,118.95525932312012,0.5543231964111328,113.40093612670898
2026-09-08T10:06:14.519301Z,v1000,RF_v1000,121.36996269226074,0.0,116.36996269226074
2026-09-08T10:06:15.545936Z,v1000,RF_v1000,131.71780586242676,0.5388259887695312,126.17897987365723
2026-09-08T10:06:16.874648Z,v1000,RF_v1000,120.6930923461914,0.5390644073486328,115.15402793884277
2026-09-08T10:06:17.912593Z,v1000,RF_v1000,140.32638549804688,0.5352497100830078,134.79113578796387
2026-09-08T10:06:19.175668Z,v1000,RF_v1000,154.89900588989258,0.5474090576171875,149.3515968322754
2026-09-08T10:06:20.305951Z,v1000,RF_v1000,124.75979804992676,0.5261898040771484,119.23360824584961
2026-09-08T10:06:21.569060Z,v1000,RF_v1000,120.75913429260254,0.5307197570800781,115.22841453552246
2026-09-08T10:06:22.581454Z,v1000,RF_v1000,121.99414253234863,0.0,116.99414253234863
2026-09-08T10:06:23.818444Z,v1000,RF_v1000,123.94726753234863,0.0,118.94726753234863
2026-09-08T10:06:24.937344Z,v1000,RF_v1000,120.63444137573242,0.0,115.63444137573242
2026-09-08T10:06:26.196196Z,v1000,RF_v1000,122.83599853515625,0.54931640625,117.28668212890625
2026-09-08T10:06:27.250175Z,v1000,RF_v1000,127.31659889221191,0.5474090576171875,121.76918983459473
2026-09-08T10:06:28.499147Z,v1000,RF_v1000,121.46437644958496,0.5197525024414062,115.94462394714355
2026-09-08T10:06:29.509509Z,v1000,RF_v1000,131.54733657836914,0.5280971527099609,126.01923942565918
2026-09-08T10:06:30.768802Z,v1000,RF_v1000,120.37003517150879,0.5230903625488281,114.84694480895996
2026-09-08T10:06:31.768785Z,v1000,RF_v1000,321.2798881530762,0.0,316.2798881530762
2026-09-08T10:06:32.996605Z,v1000,RF_v1000,124.47822570800781,0.5278587341308594,118.95036697387695
2026-09-08T10:06:34.063431Z,v1000,RF_v1000,119.6848201751709,0.5240440368652344,114.16077613830566
2026-09-08T10:06:35.292681Z,v1000,RF_v1000,120.90719223022461,0.5240440368652344,115.38314819335938
2026-09-08T10:06:36.357305Z,v1000,RF_v1000,121.30845069885254,0.5238056182861328,115.7846450805664
2026-09-08T10:06:37.621949Z,v1000,RF_v1000,127.72405624389648,0.5276203155517578,122.19643592834473
2026-09-08T10:06:38.679305Z,v1000,RF_v1000,329.5575428009033,0.5233287811279297,324.0342140197754
2026-09-08T10:06:39.940792Z,v1000,RF_v1000,121.56498908996582,0.0,116.56498908996582
2026-09-08T10:06:40.958078Z,v1000,RF_v1000,121.76621437072754,0.5216598510742188,116.24455451965332
2026-09-08T10:06:42.212396Z,v1000,RF_v1000,130.56767463684082,0.5195140838623047,125.04816055297852
2026-09-08T10:06:43.291856Z,v1000,RF_v1000,121.87564849853516,0.5228519439697266,116.35279655456543
2026-09-08T10:06:44.528205Z,v1000,RF_v1000,125.80931663513184,0.5307197570800781,120.27859687805176
2026-09-08T10:06:45.607550Z,v1000,RF_v1000,118.02614212036133,0.5269050598144531,112.49923706054688
2026-09-08T10:06:46.851764Z,v1000,RF_v1000,122.34676361083984,0.5321502685546875,116.81461334228516
2026-09-08T10:06:47.905047Z,v1000,RF_v1000,142.1910572052002,0.0,137.1910572052002
2026-09-08T10:06:49.188913Z,v1000,RF_v1000,123.52335929870605,0.0,118.52335929870605
2026-09-08T10:06:50.255256Z,v1000,RF_v1000,147.92049407958984,0.5409717559814453,142.3795223236084
2026-09-08T10:06:51.613556Z,v1000,RF_v1000,124.11249160766602,0.5314350128173828,118.58105659484863
2026-09-08T10:06:52.663379Z,v1000,RF_v1000,349.8953628540039,0.5354881286621094,344.3598747253418
2026-09-08T10:06:53.963794Z,v1000,RF_v1000,121.84727668762207,0.5311965942382812,116.31608009338379
2026-09-08T10:06:55.104387Z,v1000,RF_v1000,121.00828170776367,0.5359649658203125,115.47231674194336
2026-09-08T10:06:56.349093Z,v1000,RF_v1000,125.42856216430664,0.5650520324707031,119.86351013183594
2026-09-08T10:06:57.435455Z,v1000,RF_v1000,120.53597450256348,0.5428791046142578,114.99309539794922
2026-09-08T10:06:58.702101Z,v1000,RF_v1000,121.07050895690918,0.5471706390380859,115.5233383178711
2026-09-08T10:06:59.746165Z,v1000,RF_v1000,122.85531044006348,0.5342960357666016,117.32101440429688
2026-09-08T10:07:01.078656Z,v1000,RF_v1000,117.10918426513672,0.0,112.10918426513672
2026-09-08T10:07:02.099418Z,v1000,RF_v1000,324.9286460876465,0.5395412445068359,319.38910484313965
2026-09-08T10:07:03.385396Z,v1000,RF_v1000,124.31157112121582,0.5328655242919922,118.77870559692383
2026-09-08T10:07:04.452592Z,v1000,RF_v1000,334.72049713134766,0.5443096160888672,329.1761875152588
2026-09-08T10:07:05.716529Z,v1000,RF_v1000,123.60179901123047,0.5414485931396484,118.06035041809082
2026-09-08T10:07:06.831015Z,v1000,RF_v1000,326.00772857666016,0.0,321.00772857666016
2026-09-08T10:07:08.131884Z,v1000,RF_v1000,121.99414253234863,0.0,116.99414253234863
2026-09-08T10:07:09.229191Z,v1000,RF_v1000,121.9731616973877,0.5457401275634766,116.42742156982422
2026-09-08T10:07:10.502486Z,v1000,RF_v1000,118.2051944732666,0.5230903625488281,112.68210411071777
2026-09-08T10:07:11.551230Z,v1000,RF_v1000,124.1411018371582,0.5354881286621094,118.6056137084961
2026-09-08T10:07:12.854350Z,v1000,RF_v1000,119.47477340698242,0.5233287811279297,113.95144462585449
2026-09-08T10:07:13.920792Z,v1000,RF_v1000,122.19441413879395,0.5326271057128906,116.66178703308105
2026-09-08T10:07:15.210243Z,v1000,RF_v1000,136.42752647399902,0.5331039428710938,130.89442253112793
2026-09-08T10:07:16.297615Z,v1000,RF_v1000,122.30837821960449,0.5252361297607422,116.78314208984375
2026-09-08T10:07:17.550728Z,v1000,RF_v1000,121.14727973937988,0.5316734313964844,115.6156063079834
2026-09-08T10:07:18.654207Z,v1000,RF_v1000,129.9532699584961,0.5249977111816406,124.42827224731445
2026-09-08T10:07:19.918845Z,v1000,RF_v1000,123.47472190856934,0.5238056182861328,117.9509162902832
2026-09-08T10:07:20.996178Z,v1000,RF_v1000,122.1255111694336,0.5292892456054688,116.59622192382812
2026-09-08T10:07:22.278314Z,v1000,RF_v1000,119.29905891418457,0.5261898040771484,113.77286911010742
2026-09-08T10:07:23.298254Z,v1000,RF_v1000,122.48123168945312,0.5266666412353516,116.95456504821777
2026-09-08T10:07:24.617474Z,v1000,RF_v1000,123.24607849121094,0.5238056182861328,117.7222728729248
2026-09-08T10:07:25.684680Z,v1000,RF_v1000,129.26185607910156,0.6003379821777344,123.66151809692383
2026-09-08T10:07:26.963421Z,v1000,RF_v1000,121.09029769897461,0.522613525390625,115.56768417358398
2026-09-08T10:07:28.040766Z,v1000,RF_v1000,134.76431846618652,0.5352497100830078,129.22906875610352
2026-09-08T10:07:29.341154Z,v1000,RF_v1000,123.2546615600586,0.5300045013427734,117.72465705871582
2026-09-08T10:07:30.450529Z,v1000,RF_v1000,119.31169509887695,0.5400180816650391,113.77167701721191
2026-09-08T10:07:31.712619Z,v1000,RF_v1000,122.07901954650879,0.0,117.07901954650879
2026-09-08T10:07:32.804285Z,v1000,RF_v1000,122.26546287536621,0.5295276641845703,116.73593521118164
2026-09-08T10:07:34.141356Z,v1000,RF_v1000,127.7569580078125,0.5321502685546875,122.22480773925781
2026-09-08T10:07:35.189058Z,v1000,RF_v1000,134.2738914489746,0.5280971527099609,128.74579429626465
2026-09-08T10:07:36.554338Z,v1000,RF_v1000,123.59583854675293,1.1410713195800781,117.45476722717285
2026-09-08T10:07:37.630043Z,v1000,RF_v1000,122.27619171142578,0.5388259887695312,116.73736572265625
2026-09-08T10:07:38.906989Z,v1000,RF_v1000,142.44640350341797,0.5266666412353516,136.91973686218262
2026-09-08T10:07:40.233387Z,v1000,RF_v1000,118.50417137145996,0.5536079406738281,112.95056343078613
2026-09-08T10:07:41.308669Z,v1000,RF_v1000,120.84782600402832,0.5450248718261719,115.30280113220215
2026-09-08T10:07:42.639978Z,v1000,RF_v1000,124.13275718688965,0.5490779876708984,118.58367919921875
2026-09-08T10:07:43.709222Z,v1000,RF_v1000,122.27666854858398,0.0,117.27666854858398
2026-09-08T10:07:44.996065Z,v1000,RF_v1000,123.91555786132812,0.0,118.91555786132812
2026-09-08T10:07:46.104931Z,v1000,RF_v1000,131.41072273254395,0.0,126.41072273254395
2026-09-08T10:07:47.415283Z,v1000,RF_v1000,122.56777763366699,0.5433559417724609,117.02442169189453
2026-09-08T10:07:48.529843Z,v1000,RF_v1000,121.5473461151123,0.5326271057128906,116.01471900939941
2026-09-08T10:07:49.826454Z,v1000,RF_v1000,122.47574806213379,0.0,117.47574806213379
2026-09-08T10:07:50.918845Z,v1000,RF_v1000,123.30830574035645,0.52642822265625,117.7818775177002
2026-09-08T10:07:52.214551Z,v1000,RF_v1000,122.46907234191895,0.5600452423095703,116.90902709960938
2026-09-08T10:07:53.344663Z,v1000,RF_v1000,141.3208293914795,0.5400180816650391,135.78081130981445
2026-09-08T10:07:54.693886Z,v1000,RF_v1000,120.04220962524414,0.5319118499755859,114.51029777526855
2026-09-08T10:07:55.753994Z,v1000,RF_v1000,122.02251434326172,0.6289482116699219,116.3935661315918
2026-09-08T10:07:57.089813Z,v1000,RF_v1000,121.93859100341797,0.5447864532470703,116.3938045501709
2026-09-08T10:07:58.194652Z,v1000,RF_v1000,128.5511302947998,0.5311965942382812,123.01993370056152
2026-09-08T10:07:59.604518Z,v1000,RF_v1000,128.39282035827637,0.5323886871337891,122.86043167114258
2026-09-08T10:08:00.791145Z,v1000,RF_v1000,327.65186309814453,0.0,322.65186309814453
2026-09-08T10:08:02.100166Z,v1000,RF_v1000,122.80905723571777,0.5459785461425781,117.2630786895752
2026-09-08T10:08:03.221627Z,v1000,RF_v1000,124.06933784484863,0.5247592926025391,118.5445785522461
2026-09-08T10:08:04.536872Z,v1000,RF_v1000,119.0739917755127,0.5412101745605469,113.53278160095215
2026-09-08T10:08:05.646470Z,v1000,RF_v1000,122.45691299438477,0.5247592926025391,116.93215370178223
2026-09-08T10:08:07.043995Z,v1000,RF_v1000,124.54665184020996,0.5261898040771484,119.02046203613281
2026-09-08T10:08:08.119863Z,v1000,RF_v1000,122.86794662475586,0.52642822265625,117.34151840209961
2026-09-08T10:08:09.451337Z,v1000,RF_v1000,123.10970306396484,0.0,118.10970306396484
2026-09-08T10:08:10.547683Z,v1000,RF_v1000,121.63961410522461,0.5309581756591797,116.10865592956543
2026-09-08T10:08:11.855265Z,v1000,RF_v1000,138.23974609375,0.5457401275634766,132.69400596618652
2026-09-08T10:08:13.278857Z,v1000,RF_v1000,118.22450637817383,0.5328655242919922,112.69164085388184
2026-09-08T10:08:14.361113Z,v1000,RF_v1000,47.055368423461914,0.5364418029785156,41.5189266204834
2026-09-09T03:44:50.046012Z,v1000,RF_v1000,21.53432846069336,0.5474090576171875,15.986919403076172
2026-09-09T03:44:51.881860Z,v1000,RF_v1000,17.78996467590332,0.5500316619873047,12.239933013916016
2026-09-09T03:44:53.638826Z,v1000,RF_v1000,15.283708572387695,0.5285739898681641,9.755134582519531
2026-09-09T03:44:54.999333Z,v1000,RF_v1000,15.322093963623047,0.0,10.322093963623047
2026-09-09T03:44:56.203782Z,v1000,RF_v1000,14.300947189331055,0.5414485931396484,8.759498596191406
2026-09-09T03:44:57.219383Z,v1000,RF_v1000,17.119293212890625,0.0,12.119293212890625
2026-09-09T03:44:58.392189Z,v1000,RF_v1000,14.428739547729492,0.0,9.428739547729492
2026-09-09T03:44:59.551691Z,v1000,RF_v1000,17.007713317871094,0.5407333374023438,11.46697998046875
2026-09-09T03:45:00.626891Z,v1000,RF_v1000,16.364459991455078,0.5421638488769531,10.822296142578125
2026-09-09T03:45:02.171833Z,v1000,RF_v1000,16.107921600341797,0.5388259887695312,10.569095611572266
2026-09-09T03:45:03.552635Z,v1000,RF_v1000,15.388851165771484,0.5354881286621094,9.853363037109375
2026-09-09T03:45:04.684239Z,v1000,RF_v1000,15.217428207397461,0.5300045013427734,9.687423706054688
2026-09-09T03:45:05.941744Z,v1000,RF_v1000,15.819196701049805,0.5476474761962891,10.271549224853516
2026-09-09T03:45:07.178430Z,v1000,RF_v1000,15.334014892578125,0.5376338958740234,9.796380996704102
2026-09-09T03:45:08.174557Z,v1000,RF_v1000,15.082483291625977,0.5311965942382812,9.551286697387695
2026-09-09T03:45:09.338467Z,v1000,RF_v1000,15.62154769897461,0.5323886871337891,10.08915901184082
2026-09-09T03:45:10.332209Z,v1000,RF_v1000,16.450767517089844,0.5333423614501953,10.917425155639648
2026-09-09T03:45:11.528292Z,v1000,RF_v1000,15.815620422363281,0.5221366882324219,10.29348373413086
2026-09-09T03:45:12.734004Z,v1000,RF_v1000,15.097503662109375,0.5269050598144531,9.570598602294922
2026-09-09T03:45:13.717512Z,v1000,RF_v1000,15.689973831176758,0.54168701171875,10.148286819458008
2026-09-09T03:45:14.931324Z,v1000,RF_v1000,14.613990783691406,0.514984130859375,9.099006652832031
2026-09-09T03:45:16.144831Z,v1000,RF_v1000,15.062932968139648,0.5314350128173828,9.531497955322266
2026-09-09T03:45:17.187940Z,v1000,RF_v1000,14.891748428344727,0.0,9.891748428344727
2026-09-09T03:45:18.396132Z,v1000,RF_v1000,17.56561279296875,0.5223751068115234,12.043237686157227
2026-09-09T03:45:19.431197Z,v1000,RF_v1000,16.391639709472656,0.0,11.391639709472656
2026-09-09T03:45:20.699439Z,v1000,RF_v1000,14.210586547851562,0.5381107330322266,8.672475814819336
2026-09-09T03:45:21.929751Z,v1000,RF_v1000,15.321617126464844,0.5331039428710938,9.78851318359375
2026-09-09T03:45:22.930810Z,v1000,RF_v1000,16.910200119018555,0.5257129669189453,11.38448715209961
2026-09-09T03:45:24.152594Z,v1000,RF_v1000,15.180473327636719,0.5190372467041016,9.661436080932617
2026-09-09T03:45:25.458957Z,v1000,RF_v1000,14.606599807739258,0.5154609680175781,9.09113883972168
2026-09-09T03:45:26.482406Z,v1000,RF_v1000,15.283470153808594,0.5350112915039062,9.748458862304688
2026-09-09T03:45:27.635010Z,v1000,RF_v1000,14.922504425048828,0.0,9.922504425048828
2026-09-09T03:45:28.638791Z,v1000,RF_v1000,15.984182357788086,0.5218982696533203,10.462284088134766
2026-09-09T03:45:29.783114Z,v1000,RF_v1000,19.721393585205078,0.0,14.721393585205078
2026-09-09T03:45:31.008897Z,v1000,RF_v1000,17.50600814819336,0.5359649658203125,11.970043182373047
2026-09-09T03:45:32.351810Z,v1000,RF_v1000,14.894371032714844,0.5321502685546875,9.362220764160156
2026-09-09T03:45:33.687585Z,v1000,RF_v1000,15.15472412109375,0.5297660827636719,9.624958038330078
2026-09-09T03:45:34.933240Z,v1000,RF_v1000,16.89446449279785,0.5300045013427734,11.364459991455078
2026-09-09T03:45:35.968136Z,v1000,RF_v1000,15.215520858764648,0.5342960357666016,9.681224822998047
2026-09-09T03:45:37.229867Z,v1000,RF_v1000,16.370420455932617,0.5238056182861328,10.846614837646484
2026-09-09T03:45:38.311606Z,v1000,RF_v1000,15.880231857299805,0.5681514739990234,10.312080383300781
2026-09-09T03:45:39.629697Z,v1000,RF_v1000,14.110212326049805,0.0,9.110212326049805
2026-09-09T03:45:40.894339Z,v1000,RF_v1000,15.793924331665039,0.5359649658203125,10.257959365844727
2026-09-09T03:45:41.935255Z,v1000,RF_v1000,16.878252029418945,0.5409717559814453,11.3372802734375
2026-09-09T03:45:43.129957Z,v1000,RF_v1000,13.594989776611328,0.0,8.594989776611328
2026-09-09T03:45:44.447156Z,v1000,RF_v1000,16.374711990356445,1.094818115234375,10.27989387512207
2026-09-09T03:45:45.486375Z,v1000,RF_v1000,15.112762451171875,0.5271434783935547,9.58561897277832
2026-09-09T03:45:46.662061Z,v1000,RF_v1000,13.713245391845703,0.5381107330322266,8.175134658813477
2026-09-09T03:45:47.908269Z,v1000,RF_v1000,15.806798934936523,0.5338191986083984,10.272979736328125
2026-09-09T03:45:48.932258Z,v1000,RF_v1000,21.412019729614258,0.5297660827636719,15.882253646850586
2026-09-09T03:45:50.138725Z,v1000,RF_v1000,17.244701385498047,0.5261898040771484,11.718511581420898
2026-09-09T03:45:51.519905Z,v1000,RF_v1000,16.617422103881836,1.065969467163086,10.55145263671875
2026-09-09T03:45:52.602756Z,v1000,RF_v1000,15.213375091552734,0.0,10.213375091552734
2026-09-09T03:45:53.881043Z,v1000,RF_v1000,15.280370712280273,0.6120204925537109,9.668350219726562
2026-09-09T03:45:55.229712Z,v1000,RF_v1000,14.08207893371582,0.0,9.08207893371582
2026-09-09T03:45:56.234070Z,v1000,RF_v1000,15.432243347167969,0.0,10.432243347167969
2026-09-09T03:45:57.408722Z,v1000,RF_v1000,17.40706443786621,0.5259513854980469,11.881113052368164
2026-09-09T03:45:58.622601Z,v1000,RF_v1000,15.355949401855469,0.5154609680175781,9.84048843383789
2026-09-09T03:45:59.604250Z,v1000,RF_v1000,15.46299934387207,0.0,10.46299934387207
2026-09-09T03:46:00.861327Z,v1000,RF_v1000,17.100934982299805,0.0,12.100934982299805
2026-09-09T03:46:02.014239Z,v1000,RF_v1000,175.20487785339355,0.545501708984375,169.65937614440918
2026-09-09T03:46:03.378286Z,v1000,RF_v1000,16.35110855102539,0.5471706390380859,10.803937911987305
2026-09-09T03:46:04.720343Z,v1000,RF_v1000,17.221097946166992,0.5350112915039062,11.686086654663086
2026-09-09T03:46:06.000576Z,v1000,RF_v1000,15.437726974487305,0.0,10.437726974487305
2026-09-09T03:46:07.129749Z,v1000,RF_v1000,15.793924331665039,0.5407333374023438,10.253190994262695
2026-09-09T03:46:08.411941Z,v1000,RF_v1000,17.647390365600586,0.5414485931396484,12.105941772460938
2026-09-09T03:46:09.661828Z,v1000,RF_v1000,16.417150497436523,0.5307197570800781,10.886430740356445
2026-09-09T03:46:10.834174Z,v1000,RF_v1000,17.01653480529785,0.0,12.016534805297852
2026-09-09T03:46:12.173348Z,v1000,RF_v1000,17.75634765625,0.5240440368652344,12.232303619384766
2026-09-09T03:46:13.437357Z,v1000,RF_v1000,14.129524230957031,0.0,9.129524230957031
2026-09-09T03:46:14.580865Z,v1000,RF_v1000,14.759664535522461,0.5280971527099609,9.2315673828125
2026-09-09T03:46:15.993426Z,v1000,RF_v1000,14.162664413452148,0.0,9.162664413452148
2026-09-09T03:46:17.067454Z,v1000,RF_v1000,16.97052001953125,0.5285739898681641,11.441946029663086
2026-09-09T03:46:18.381455Z,v1000,RF_v1000,16.417150497436523,0.5276203155517578,10.889530181884766
2026-09-09T03:46:19.757407Z,v1000,RF_v1000,16.8715763092041,0.5402565002441406,11.331319808959961
2026-09-09T03:46:20.942726Z,v1000,RF_v1000,15.832071304321289,0.52642822265625,10.305643081665039
2026-09-09T03:46:22.015683Z,v1000,RF_v1000,15.776519775390625,0.5269050598144531,10.249614715576172
2026-09-09T03:46:23.249154Z,v1000,RF_v1000,15.119438171386719,0.5240440368652344,9.595394134521484
2026-09-09T03:46:24.538713Z,v1000,RF_v1000,18.475418090820312,0.5333423614501953,12.942075729370117
2026-09-09T03:46:25.658170Z,v1000,RF_v1000,16.264324188232422,0.5331039428710938,10.731220245361328
2026-09-09T03:46:26.883306Z,v1000,RF_v1000,16.28101348876953,0.5314350128173828,10.749578475952148
2026-09-09T03:46:27.957170Z,v1000,RF_v1000,166.90552711486816,0.5304813385009766,161.3750457763672
2026-09-09T03:46:29.201030Z,v1000,RF_v1000,14.886980056762695,0.0,9.886980056762695
2026-09-09T03:46:30.399903Z,v1000,RF_v1000,15.712146759033203,0.0,10.712146759033203
2026-09-09T03:46:31.643679Z,v1000,RF_v1000,17.935400009155273,0.5369186401367188,12.398481369018555
2026-09-09T03:46:32.846217Z,v1000,RF_v1000,16.101961135864258,0.8873939514160156,10.214567184448242
2026-09-09T03:46:34.215647Z,v1000,RF_v1000,15.164976119995117,0.5359649658203125,9.629011154174805
2026-09-09T03:46:35.464025Z,v1000,RF_v1000,14.800910949707031,0.5338191986083984,9.267091751098633
2026-09-09T03:46:36.518357Z,v1000,RF_v1000,16.946678161621094,0.7009506225585938,11.2457275390625
2026-09-09T03:46:37.723212Z,v1000,RF_v1000,15.384559631347656,0.5414485931396484,9.843111038208008
2026-09-09T03:46:39.055197Z,v1000,RF_v1000,16.994123458862305,0.5290508270263672,11.465072631835938
2026-09-09T03:46:40.102379Z,v1000,RF_v1000,14.874105453491211,0.5414485931396484,9.332656860351562
2026-09-09T03:46:41.322458Z,v1000,RF_v1000,15.40506362915039,0.5521774291992188,9.852886199951172
2026-09-09T03:46:42.552628Z,v1000,RF_v1000,18.161420822143555,0.5400180816650391,12.621402740478516
2026-09-09T03:46:43.629019Z,v1000,RF_v1000,16.35563850402832,0.0,11.35563850402832
2026-09-09T03:46:44.909276Z,v1000,RF_v1000,14.046316146850586,0.0,9.046316146850586
2026-09-09T03:46:46.168976Z,v1000,RF_v1000,15.251998901367188,0.5362033843994141,9.715795516967773
2026-09-09T03:46:47.239923Z,v1000,RF_v1000,16.83629035949707,0.5486011505126953,11.287689208984375
2026-09-09T03:46:48.552477Z,v1000,RF_v1000,15.277271270751953,0.5486011505126953,9.728670120239258
2026-09-09T03:46:49.852984Z,v1000,RF_v1000,15.924339294433594,0.5321502685546875,10.392189025878906
2026-09-09T03:46:50.906040Z,v1000,RF_v1000,16.007070541381836,0.5354881286621094,10.471582412719727
2026-09-09T03:46:52.152102Z,v1000,RF_v1000,15.186433792114258,0.5342960357666016,9.652137756347656
2026-09-09T03:46:53.416246Z,v1000,RF_v1000,16.5509033203125,1.1887550354003906,10.36214828491211
2026-09-09T03:46:54.449606Z,v1000,RF_v1000,15.926246643066406,0.5238056182861328,10.402441024780273
2026-09-09T03:46:55.698928Z,v1000,RF_v1000,17.629270553588867,0.5433559417724609,12.085914611816406
2026-09-09T03:46:56.930621Z,v1000,RF_v1000,15.458707809448242,0.0,10.458707809448242
2026-09-09T03:46:57.977370Z,v1000,RF_v1000,15.439395904541016,0.5440711975097656,9.89532470703125
2026-09-09T03:46:59.249958Z,v1000,RF_v1000,15.230779647827148,0.0,10.230779647827148
2026-09-09T03:47:00.490020Z,v1000,RF_v1000,16.402606964111328,0.5714893341064453,10.831117630004883
2026-09-09T03:47:01.731074Z,v1000,RF_v1000,17.505769729614258,0.5536079406738281,11.95216178894043
2026-09-09T03:47:02.887792Z,v1000,RF_v1000,15.355949401855469,0.5328655242919922,9.823083877563477
2026-09-09T03:47:04.156476Z,v1000,RF_v1000,15.128974914550781,0.0,10.128974914550781
2026-09-09T03:47:05.425354Z,v1000,RF_v1000,15.474205017089844,0.5240440368652344,9.95016098022461
2026-09-09T03:47:06.528283Z,v1000,RF_v1000,15.422468185424805,0.0,10.422468185424805
2026-09-09T03:47:07.737293Z,v1000,RF_v1000,15.747432708740234,0.0,10.747432708740234
2026-09-09T03:47:08.977165Z,v1000,RF_v1000,14.148120880126953,0.0,9.148120880126953
2026-09-09T03:47:10.094995Z,v1000,RF_v1000,15.137319564819336,0.5333423614501953,9.60397720336914
2026-09-09T03:47:11.317849Z,v1000,RF_v1000,15.233402252197266,0.530242919921875,9.70315933227539
2026-09-09T03:47:12.559312Z,v1000,RF_v1000,14.637594223022461,0.5309581756591797,9.106636047363281
2026-09-09T03:47:13.646408Z,v1000,RF_v1000,15.158538818359375,0.5230903625488281,9.635448455810547
2026-09-09T03:47:14.869609Z,v1000,RF_v1000,15.343551635742188,0.5283355712890625,9.815216064453125
2026-09-09T03:47:16.119303Z,v1000,RF_v1000,14.813070297241211,0.0,9.813070297241211
2026-09-09T03:47:17.203331Z,v1000,RF_v1000,15.796070098876953,0.545501708984375,10.250568389892578
2026-09-09T03:47:18.470788Z,v1000,RF_v1000,15.864496231079102,0.5502700805664062,10.314226150512695
2026-09-09T03:47:19.758665Z,v1000,RF_v1000,15.221719741821289,0.5362033843994141,9.685516357421875
2026-09-09T03:47:20.807264Z,v1000,RF_v1000,15.341644287109375,0.5285739898681641,9.813070297241211
2026-09-09T03:47:22.091331Z,v1000,RF_v1000,15.19287109375,0.5376338958740234,9.655237197875977
2026-09-09T03:47:23.387715Z,v1000,RF_v1000,16.206865310668945,0.5397796630859375,10.667085647583008
2026-09-09T03:47:24.435422Z,v1000,RF_v1000,15.854959487915039,0.5383491516113281,10.316610336303711
2026-09-09T03:47:25.710827Z,v1000,RF_v1000,15.283946990966797,1.0645389556884766,9.21940803527832
2026-09-09T03:47:26.964615Z,v1000,RF_v1000,17.015104293823242,0.5633831024169922,11.45172119140625
2026-09-09T03:47:28.035929Z,v1000,RF_v1000,16.305809020996094,0.5292892456054688,10.776519775390625
2026-09-09T03:47:29.326473Z,v1000,RF_v1000,13.960485458374023,0.0,8.960485458374023
2026-09-09T03:47:30.628312Z,v1000,RF_v1000,16.438608169555664,0.5433559417724609,10.895252227783203
2026-09-09T03:47:31.871599Z,v1000,RF_v1000,14.804010391235352,0.5483627319335938,9.255647659301758
2026-09-09T03:47:33.097655Z,v1000,RF_v1000,15.384798049926758,0.5488395690917969,9.835958480834961
2026-09-09T03:47:34.388080Z,v1000,RF_v1000,16.403322219848633,0.5278587341308594,10.875463485717773
2026-09-09T03:47:35.667686Z,v1000,RF_v1000,15.891437530517578,0.6322860717773438,10.259151458740234
2026-09-09T03:47:36.779164Z,v1000,RF_v1000,14.640216827392578,0.5269050598144531,9.113311767578125
2026-09-09T03:47:38.026307Z,v1000,RF_v1000,15.689496994018555,0.0,10.689496994018555
2026-09-09T03:47:39.313682Z,v1000,RF_v1000,15.519981384277344,0.5307197570800781,9.989261627197266
2026-09-09T03:47:40.421742Z,v1000,RF_v1000,14.640932083129883,0.54168701171875,9.099245071411133
2026-09-09T03:47:41.668131Z,v1000,RF_v1000,15.362863540649414,0.5347728729248047,9.82809066772461
2026-09-09T03:47:42.943450Z,v1000,RF_v1000,15.774612426757812,0.5292892456054688,10.245323181152344
2026-09-09T03:47:44.178520Z,v1000,RF_v1000,15.92076301574707,0.5383491516113281,10.382413864135742
2026-09-09T03:47:45.314630Z,v1000,RF_v1000,15.146141052246094,0.5195140838623047,9.626626968383789
2026-09-09T03:47:46.760685Z,v1000,RF_v1000,16.046648025512695,0.5521774291992188,10.494470596313477
2026-09-09T03:47:48.057418Z,v1000,RF_v1000,15.282039642333984,0.5342960357666016,9.747743606567383
2026-09-09T03:47:49.212990Z,v1000,RF_v1000,16.46864891052246,0.5364418029785156,10.932207107543945
2026-09-09T03:47:50.532125Z,v1000,RF_v1000,15.28585433959961,0.5397796630859375,9.746074676513672
2026-09-09T03:47:51.963004Z,v1000,RF_v1000,15.232686996459961,0.5345344543457031,9.698152542114258
2026-09-09T03:47:53.283919Z,v1000,RF_v1000,17.202739715576172,0.5309581756591797,11.671781539916992
2026-09-09T03:47:54.498946Z,v1000,RF_v1000,18.413190841674805,1.119852066040039,12.293338775634766
2026-09-09T03:47:55.870861Z,v1000,RF_v1000,15.602235794067383,0.6926059722900391,9.909629821777344
2026-09-09T03:47:57.309806Z,v1000,RF_v1000,14.64212417602539,0.0,9.64212417602539
2026-09-09T03:47:58.445835Z,v1000,RF_v1000,15.860681533813477,0.5340576171875,10.326623916625977
2026-09-09T03:47:59.813743Z,v1000,RF_v1000,15.352373123168945,0.5249977111816406,9.827375411987305
2026-09-09T03:48:01.155150Z,v1000,RF_v1000,16.55567169189453,0.5319118499755859,11.023759841918945
2026-09-09T03:48:02.294868Z,v1000,RF_v1000,14.84048843383789,0.5924701690673828,9.248018264770508
2026-09-09T03:48:03.725302Z,v1000,RF_v1000,15.699987411499023,0.5557537078857422,10.144233703613281
2026-09-09T03:48:05.059532Z,v1000,RF_v1000,16.523723602294922,0.5521774291992188,10.971546173095703
2026-09-09T03:48:06.526134Z,v1000,RF_v1000,18.057470321655273,0.5712509155273438,12.48621940612793
2026-09-09T03:48:07.711326Z,v1000,RF_v1000,17.207508087158203,0.5290508270263672,11.678457260131836
2026-09-09T03:48:09.068839Z,v1000,RF_v1000,18.895034790039062,0.5476474761962891,13.347387313842773
2026-09-09T03:48:10.522456Z,v1000,RF_v1000,17.974023818969727,0.5242824554443359,12.44974136352539
2026-09-09T03:48:11.687510Z,v1000,RF_v1000,15.762453079223633,0.5242824554443359,10.238170623779297
2026-09-09T03:48:13.104518Z,v1000,RF_v1000,14.409666061401367,0.5135536193847656,8.896112442016602
2026-09-09T03:48:14.527065Z,v1000,RF_v1000,19.06407356262207,0.5388259887695312,13.525247573852539
2026-09-09T03:48:15.852358Z,v1000,RF_v1000,18.13018798828125,0.5395412445068359,12.590646743774414
2026-09-09T03:48:17.053858Z,v1000,RF_v1000,16.627197265625,0.5283355712890625,11.098861694335938
2026-09-09T03:48:18.505170Z,v1000,RF_v1000,14.683847427368164,0.0,9.683847427368164
2026-09-09T03:48:19.878658Z,v1000,RF_v1000,15.251760482788086,0.5269050598144531,9.724855422973633
2026-09-09T03:48:21.374679Z,v1000,RF_v1000,23.882036209106445,0.5285739898681641,18.35346221923828
2026-09-09T03:48:22.599457Z,v1000,RF_v1000,26.21424674987793,0.5311965942382812,20.68305015563965
2026-09-09T03:48:24.962026Z,v1000,RF_v1000,19.90020751953125,0.5402565002441406,14.35995101928711
2026-09-09T03:48:27.142880Z,v1000,RF_v1000,18.578176498413086,0.5252361297607422,13.052940368652344
2026-09-09T03:48:28.880593Z,v1000,RF_v1000,18.814210891723633,0.5290508270263672,13.285160064697266
2026-09-09T03:48:30.784138Z,v1000,RF_v1000,21.22295379638672,0.5474090576171875,15.675544738769531
2026-09-09T03:48:32.673696Z,v1000,RF_v1000,19.722108840942383,0.5424022674560547,14.179706573486328
2026-09-09T03:48:34.818211Z,v1000,RF_v1000,19.499902725219727,0.5428791046142578,13.957023620605469
2026-09-09T03:48:36.430319Z,v1000,RF_v1000,21.824722290039062,0.5357265472412109,16.28899574279785
2026-09-09T03:48:38.246694Z,v1000,RF_v1000,18.00334930419922,0.5362033843994141,12.467145919799805
2026-09-09T03:48:40.137509Z,v1000,RF_v1000,19.61958885192871,0.5445480346679688,14.075040817260742
2026-09-09T03:48:42.070264Z,v1000,RF_v1000,18.676881790161133,0.5230903625488281,13.153791427612305
2026-09-09T03:48:43.799121Z,v1000,RF_v1000,27.52984046936035,0.5431175231933594,21.986722946166992
2026-09-09T03:48:45.704854Z,v1000,RF_v1000,19.1446590423584,0.5323886871337891,13.61227035522461
2026-09-09T03:48:47.818932Z,v1000,RF_v1000,20.321731567382812,0.5691051483154297,14.752626419067383
2026-09-09T03:48:49.955698Z,v1000,RF_v1000,214.34128761291504,0.5438327789306641,208.79745483398438
2026-09-09T03:48:52.148939Z,v1000,RF_v1000,28.61464500427246,4.918575286865234,18.696069717407227
2026-09-09T03:48:54.274753Z,v1000,RF_v1000,22.404556274414062,0.5550384521484375,16.849517822265625
2026-09-09T03:48:56.317836Z,v1000,RF_v1000,21.47639274597168,0.5910396575927734,15.885353088378906
2026-09-09T03:48:58.203800Z,v1000,RF_v1000,21.455650329589844,0.5500316619873047,15.905618667602539
2026-09-09T03:49:00.330585Z,v1000,RF_v1000,19.984846115112305,0.5476474761962891,14.437198638916016
2026-09-09T03:49:02.458598Z,v1000,RF_v1000,19.591455459594727,0.5464553833007812,14.045000076293945
2026-09-09T03:49:04.553966Z,v1000,RF_v1000,21.902446746826172,0.0,16.902446746826172
2026-09-09T03:49:06.389013Z,v1000,RF_v1000,21.89767837524414,1.0819435119628906,15.81573486328125
2026-09-09T03:49:08.410697Z,v1000,RF_v1000,18.60917091369629,0.5218982696533203,13.087272644042969
2026-09-09T03:49:10.623984Z,v1000,RF_v1000,19.555692672729492,0.5311965942382812,14.024496078491211
2026-09-09T03:49:12.165708Z,v1000,RF_v1000,17.035131454467773,0.5228519439697266,11.512279510498047
2026-09-09T03:49:13.772653Z,v1000,RF_v1000,14.690284729003906,0.5321502685546875,9.158134460449219
2026-09-09T03:49:15.173414Z,v1000,RF_v1000,14.672164916992188,0.5483627319335938,9.123802185058594
2026-09-09T03:49:16.490440Z,v1000,RF_v1000,16.090517044067383,0.5350112915039062,10.555505752563477
2026-09-09T03:49:17.681615Z,v1000,RF_v1000,14.79161262512207,0.0,9.79161262512207
2026-09-09T03:49:19.111870Z,v1000,RF_v1000,16.580944061279297,0.5369186401367188,11.044025421142578
2026-09-09T03:49:20.497427Z,v1000,RF_v1000,15.307788848876953,0.5335807800292969,9.774208068847656
2026-09-09T03:49:21.891634Z,v1000,RF_v1000,19.170408248901367,0.5440711975097656,13.626337051391602
2026-09-09T03:49:23.129503Z,v1000,RF_v1000,16.356115341186523,0.5414485931396484,10.814666748046875
2026-09-09T03:49:24.534196Z,v1000,RF_v1000,14.698152542114258,0.5533695220947266,9.144783020019531
2026-09-09T03:49:25.974436Z,v1000,RF_v1000,16.504650115966797,0.5369186401367188,10.967731475830078
2026-09-09T03:49:27.323993Z,v1000,RF_v1000,14.69243049621582,0.0,9.69243049621582
2026-09-09T03:49:28.540611Z,v1000,RF_v1000,17.718677520751953,0.5290508270263672,12.189626693725586
2026-09-09T03:49:29.888801Z,v1000,RF_v1000,15.844707489013672,0.5373954772949219,10.30731201171875
2026-09-09T03:49:31.261697Z,v1000,RF_v1000,16.54160499572754,0.5326271057128906,11.008977890014648
2026-09-09T03:49:32.507367Z,v1000,RF_v1000,15.900497436523438,0.0,10.900497436523438
2026-09-09T03:49:33.910069Z,v1000,RF_v1000,15.32257080078125,0.5450248718261719,9.777545928955078
2026-09-09T03:49:35.283567Z,v1000,RF_v1000,17.526750564575195,0.5259513854980469,12.000799179077148
2026-09-09T03:49:36.622238Z,v1000,RF_v1000,17.444019317626953,0.5311965942382812,11.912822723388672
2026-09-09T03:49:37.968548Z,v1000,RF_v1000,14.732961654663086,0.5364418029785156,9.19651985168457
2026-09-09T03:49:39.219269Z,v1000,RF_v1000,15.949850082397461,0.5350112915039062,10.414838790893555
2026-09-09T03:49:40.524644Z,v1000,RF_v1000,18.37265968322754,0.5347728729248047,12.837886810302734
2026-09-09T03:49:41.906008Z,v1000,RF_v1000,15.89620590209961,0.5445480346679688,10.35165786743164
2026-09-09T03:49:43.096173Z,v1000,RF_v1000,15.18214225769043,0.5311965942382812,9.650945663452148
2026-09-09T03:49:44.451103Z,v1000,RF_v1000,16.32941246032715,0.5259513854980469,10.803461074829102
2026-09-09T03:49:45.853795Z,v1000,RF_v1000,15.906457901000977,0.5354881286621094,10.370969772338867
2026-09-09T03:49:47.180133Z,v1000,RF_v1000,15.788917541503906,0.5290508270263672,10.259866714477539
2026-09-09T03:49:48.395891Z,v1000,RF_v1000,16.5053653717041,0.5290508270263672,10.976314544677734
2026-09-09T03:49:49.769264Z,v1000,RF_v1000,16.927366256713867,0.5459785461425781,11.381387710571289
2026-09-09T03:49:51.143558Z,v1000,RF_v1000,15.096549987792969,0.5433559417724609,9.553194046020508
2026-09-09T03:49:52.515247Z,v1000,RF_v1000,15.110616683959961,0.5300045013427734,9.580612182617188
2026-09-09T03:49:53.840739Z,v1000,RF_v1000,15.541915893554688,0.6518363952636719,9.890079498291016
2026-09-09T03:49:55.063464Z,v1000,RF_v1000,16.59048080444336,0.5297660827636719,11.060714721679688
2026-09-09T03:49:56.439886Z,v1000,RF_v1000,15.138750076293945,0.5364418029785156,9.60230827331543
2026-09-09T03:49:57.915094Z,v1000,RF_v1000,15.707378387451172,0.5304813385009766,10.176897048950195
2026-09-09T03:49:59.132374Z,v1000,RF_v1000,16.36636734008789,0.5214214324951172,10.844945907592773
2026-09-09T03:50:00.500339Z,v1000,RF_v1000,22.472028732299805,0.5202293395996094,16.951799392700195
2026-09-09T03:50:01.876688Z,v1000,RF_v1000,15.395526885986328,0.5342960357666016,9.861230850219727
2026-09-09T03:50:03.398790Z,v1000,RF_v1000,15.134696960449219,0.5288124084472656,9.605884552001953
2026-09-09T03:50:04.755768Z,v1000,RF_v1000,16.380910873413086,0.5238056182861328,10.857105255126953
2026-09-09T03:50:05.974743Z,v1000,RF_v1000,16.386394500732422,0.5271434783935547,10.859251022338867
2026-09-09T03:50:07.348598Z,v1000,RF_v1000,16.743545532226562,0.5433559417724609,11.200189590454102
2026-09-09T03:50:08.703170Z,v1000,RF_v1000,15.174274444580078,0.5419254302978516,9.632349014282227
2026-09-09T03:50:09.915031Z,v1000,RF_v1000,15.934114456176758,0.5528926849365234,10.381221771240234
2026-09-09T03:50:11.244627Z,v1000,RF_v1000,16.37542724609375,0.5254745483398438,10.849952697753906
2026-09-09T03:50:12.618058Z,v1000,RF_v1000,16.91544532775879,0.530242919921875,11.385202407836914
2026-09-09T03:50:14.008875Z,v1000,RF_v1000,16.250019073486328,0.5412101745605469,10.708808898925781
2026-09-09T03:50:15.350196Z,v1000,RF_v1000,16.84678077697754,0.5221366882324219,11.324644088745117
2026-09-09T03:50:16.581400Z,v1000,RF_v1000,18.981103897094727,0.5457401275634766,13.43536376953125
2026-09-09T03:50:17.953332Z,v1000,RF_v1000,16.168956756591797,0.5254745483398438,10.643482208251953
2026-09-09T03:50:19.324616Z,v1000,RF_v1000,15.955810546875,0.5383491516113281,10.417461395263672
2026-09-09T03:50:20.702981Z,v1000,RF_v1000,16.52634620666504,0.5335807800292969,10.992765426635742
2026-09-09T03:50:21.883827Z,v1000,RF_v1000,16.368751525878906,0.0,11.368751525878906
2026-09-09T03:50:23.255568Z,v1000,RF_v1000,17.690067291259766,0.5307197570800781,12.159347534179688
2026-09-09T03:50:24.645574Z,v1000,RF_v1000,16.37065887451172,0.5450248718261719,10.825634002685547
2026-09-09T03:50:25.992284Z,v1000,RF_v1000,15.842561721801758,0.5333423614501953,10.309219360351562
2026-09-09T03:50:27.216975Z,v1000,RF_v1000,15.492563247680664,0.0,10.492563247680664
2026-09-09T03:50:28.565773Z,v1000,RF_v1000,14.627342224121094,0.0,9.627342224121094
2026-09-09T03:50:29.915948Z,v1000,RF_v1000,14.615659713745117,0.5238056182861328,9.091854095458984
2026-09-09T03:50:31.162286Z,v1000,RF_v1000,15.961294174194336,0.545501708984375,10.415792465209961
2026-09-09T03:50:32.514367Z,v1000,RF_v1000,16.191129684448242,1.0859966278076172,10.105133056640625
2026-09-09T03:50:34.009746Z,v1000,RF_v1000,14.18889045715332,0.0,9.18889045715332
2026-09-09T03:50:35.389898Z,v1000,RF_v1000,16.08694076538086,0.5347728729248047,10.552167892456055
2026-09-09T03:50:36.589190Z,v1000,RF_v1000,15.776996612548828,0.5502700805664062,10.226726531982422
2026-09-09T03:50:37.990192Z,v1000,RF_v1000,15.826349258422852,0.5300045013427734,10.296344757080078
2026-09-09T03:50:39.350025Z,v1000,RF_v1000,16.394977569580078,0.0,11.394977569580078
2026-09-09T03:50:40.752512Z,v1000,RF_v1000,14.728431701660156,0.5433559417724609,9.185075759887695
2026-09-09T03:50:42.173360Z,v1000,RF_v1000,15.28132438659668,0.5342960357666016,9.747028350830078
2026-09-09T03:50:43.367726Z,v1000,RF_v1000,16.32035255432129,0.5333423614501953,10.787010192871094
2026-09-09T03:50:44.742148Z,v1000,RF_v1000,15.226249694824219,0.0,10.226249694824219
2026-09-09T03:50:46.129192Z,v1000,RF_v1000,16.711597442626953,0.5586147308349609,11.152982711791992
2026-09-09T03:50:47.470988Z,v1000,RF_v1000,15.62631607055664,0.5562305450439453,10.070085525512695
2026-09-09T03:50:48.737760Z,v1000,RF_v1000,15.81705093383789,1.0585784912109375,9.758472442626953
2026-09-09T03:50:50.116861Z,v1000,RF_v1000,14.603261947631836,0.0,9.603261947631836
2026-09-09T03:50:51.485849Z,v1000,RF_v1000,15.381221771240234,0.5309581756591797,9.850263595581055
2026-09-09T03:50:52.883153Z,v1000,RF_v1000,16.031389236450195,0.5362033843994141,10.495185852050781
2026-09-09T03:50:54.271059Z,v1000,RF_v1000,15.750770568847656,0.5443096160888672,10.206460952758789
2026-09-09T03:50:55.529017Z,v1000,RF_v1000,175.8548069000244,0.5428791046142578,170.31192779541016
2026-09-09T03:50:56.915353Z,v1000,RF_v1000,18.126373291015625,0.5390644073486328,12.587308883666992
2026-09-09T03:50:58.305603Z,v1000,RF_v1000,15.38503646850586,0.5369186401367188,9.84811782836914
2026-09-09T03:50:59.723621Z,v1000,RF_v1000,16.21377944946289,0.5462169647216797,10.667562484741211
2026-09-09T03:51:00.950687Z,v1000,RF_v1000,16.545658111572266,0.0,11.545658111572266
2026-09-09T03:51:02.363610Z,v1000,RF_v1000,15.304689407348633,0.5328655242919922,9.77182388305664
2026-09-09T03:51:03.872975Z,v1000,RF_v1000,17.109756469726562,0.5390644073486328,11.57069206237793
2026-09-09T03:51:05.251335Z,v1000,RF_v1000,15.919809341430664,0.5521774291992188,10.367631912231445
2026-09-09T03:51:06.822010Z,v1000,RF_v1000,17.425899505615234,0.5288124084472656,11.897087097167969
2026-09-09T03:51:08.058441Z,v1000,RF_v1000,16.97504997253418,0.5366802215576172,11.438369750976562
2026-09-09T03:51:09.492933Z,v1000,RF_v1000,17.120723724365234,0.5407333374023438,11.57999038696289
2026-09-09T03:51:11.000447Z,v1000,RF_v1000,16.394262313842773,0.5559921264648438,10.83827018737793
2026-09-09T03:51:12.432867Z,v1000,RF_v1000,16.259794235229492,0.5419254302978516,10.71786880493164
2026-09-09T03:51:13.743082Z,v1000,RF_v1000,18.14854621887207,0.6434917449951172,12.505054473876953
2026-09-09T03:51:15.186616Z,v1000,RF_v1000,17.891292572021484,1.0786056518554688,11.812686920166016
2026-09-09T03:51:16.862892Z,v1000,RF_v1000,16.478900909423828,0.5674362182617188,10.91146469116211
2026-09-09T03:51:18.416041Z,v1000,RF_v1000,17.949228286743164,0.0,12.949228286743164
2026-09-09T03:51:19.921423Z,v1000,RF_v1000,15.33329963684082,0.5540847778320312,9.779214859008789
2026-09-09T03:51:21.388820Z,v1000,RF_v1000,16.956214904785156,0.5249977111816406,11.431217193603516
2026-09-09T03:51:22.863059Z,v1000,RF_v1000,17.105703353881836,0.5285739898681641,11.577129364013672
2026-09-09T03:51:24.430530Z,v1000,RF_v1000,15.748863220214844,0.5238056182861328,10.225057601928711
2026-09-09T03:51:26.057179Z,v1000,RF_v1000,15.684490203857422,0.5388259887695312,10.14566421508789
2026-09-09T03:51:27.523882Z,v1000,RF_v1000,15.311365127563477,0.5462169647216797,9.765148162841797
2026-09-09T03:51:28.846381Z,v1000,RF_v1000,15.322332382202148,0.0,10.322332382202148
2026-09-09T03:51:30.275377Z,v1000,RF_v1000,17.437820434570312,0.5462169647216797,11.891603469848633
2026-09-09T03:51:31.773195Z,v1000,RF_v1000,21.09945297241211,0.5166530609130859,15.582799911499023
2026-09-09T03:51:33.448080Z,v1000,RF_v1000,17.51220703125,0.5452632904052734,11.966943740844727
2026-09-09T03:51:35.065736Z,v1000,RF_v1000,18.714075088500977,0.5280971527099609,13.185977935791016
2026-09-09T03:51:36.536149Z,v1000,RF_v1000,182.0026683807373,0.5190372467041016,176.4836311340332
2026-09-09T03:51:38.070438Z,v1000,RF_v1000,17.139081954956055,0.5385875701904297,11.600494384765625
2026-09-09T03:51:39.604682Z,v1000,RF_v1000,17.146949768066406,0.5342960357666016,11.612653732299805
2026-09-09T03:51:41.170137Z,v1000,RF_v1000,17.815475463867188,0.5223751068115234,12.293100357055664
2026-09-09T03:51:42.447404Z,v1000,RF_v1000,18.415098190307617,0.5259513854980469,12.88914680480957
2026-09-09T03:51:43.910647Z,v1000,RF_v1000,17.061119079589844,0.6322860717773438,11.4288330078125
2026-09-09T03:51:45.364437Z,v1000,RF_v1000,18.187885284423828,0.5414485931396484,12.64643669128418
2026-09-09T03:51:46.835467Z,v1000,RF_v1000,15.904073715209961,0.5321502685546875,10.371923446655273
2026-09-09T03:51:48.360743Z,v1000,RF_v1000,17.340545654296875,0.5314350128173828,11.809110641479492
2026-09-09T03:51:49.851519Z,v1000,RF_v1000,16.974811553955078,1.0669231414794922,10.907888412475586
2026-09-09T03:51:51.229023Z,v1000,RF_v1000,17.160062789916992,0.5550384521484375,11.605024337768555
2026-09-09T03:51:52.705324Z,v1000,RF_v1000,15.874748229980469,0.5474090576171875,10.327339172363281
2026-09-09T03:51:54.177203Z,v1000,RF_v1000,15.185718536376953,0.5304813385009766,9.655237197875977
2026-09-09T03:51:55.643937Z,v1000,RF_v1000,16.267662048339844,0.5295276641845703,10.738134384155273
2026-09-09T03:51:57.053518Z,v1000,RF_v1000,15.326623916625977,0.5474090576171875,9.779214859008789
2026-09-09T03:51:58.355793Z,v1000,RF_v1000,15.804414749145508,0.5285739898681641,10.275840759277344
2026-09-09T03:51:59.792114Z,v1000,RF_v1000,15.329246520996094,0.5345344543457031,9.79471206665039
2026-09-09T03:52:01.241491Z,v1000,RF_v1000,129.13525581359863,0.5497932434082031,123.58546257019043
2026-09-09T03:52:02.807422Z,v1000,RF_v1000,30.180578231811523,0.5383491516113281,24.642229080200195
2026-09-09T03:52:04.612515Z,v1000,RF_v1000,47.68908500671387,24.857044219970703,17.832040786743164
2026-09-09T03:52:05.924441Z,v1000,RF_v1000,25.77507972717285,2.1352767944335938,18.639802932739258
2026-09-09T03:52:07.399478Z,v1000,RF_v1000,23.33343505859375,2.641916275024414,15.691518783569336
2026-09-09T03:52:08.911306Z,v1000,RF_v1000,25.75362205505371,1.5900135040283203,19.16360855102539
2026-09-09T03:52:10.366651Z,v1000,RF_v1000,23.523216247558594,2.8524398803710938,15.6707763671875
2026-09-09T03:52:11.903713Z,v1000,RF_v1000,26.293163299560547,3.3071041107177734,17.986059188842773
2026-09-09T03:52:13.363382Z,v1000,RF_v1000,33.37634086608887,2.1424293518066406,26.233911514282227
2026-09-09T03:52:14.709343Z,v1000,RF_v1000,24.591093063354492,1.5909671783447266,18.000125885009766
2026-09-09T03:52:16.180595Z,v1000,RF_v1000,26.65532112121582,2.6895999908447266,18.965721130371094
2026-09-09T03:52:17.680761Z,v1000,RF_v1000,25.71237564086914,2.122640609741211,18.58973503112793
2026-09-09T03:52:19.303897Z,v1000,RF_v1000,23.840551376342773,2.147197723388672,16.6933536529541
2026-09-09T03:52:20.774338Z,v1000,RF_v1000,24.162654876708984,1.5697479248046875,17.592906951904297
2026-09-09T03:52:22.121991Z,v1000,RF_v1000,25.63298225402832,2.1677017211914062,18.465280532836914
2026-09-09T03:52:23.597285Z,v1000,RF_v1000,25.873308181762695,2.1729469299316406,18.700361251831055
2026-09-09T03:52:25.112254Z,v1000,RF_v1000,23.200397491455078,2.1772384643554688,16.02315902709961
2026-09-09T03:52:26.595291Z,v1000,RF_v1000,29.162769317626953,2.4063587188720703,21.756410598754883
2026-09-09T03:52:28.065300Z,v1000,RF_v1000,22.850875854492188,2.111673355102539,15.739202499389648
2026-09-09T03:52:29.421909Z,v1000,RF_v1000,25.23792266845703,2.110719680786133,18.1272029876709
2026-09-09T03:52:30.865841Z,v1000,RF_v1000,33.78761291503906,1.6105175018310547,27.177095413208008
2026-09-09T03:52:32.408650Z,v1000,RF_v1000,24.87481117248535,2.4726390838623047,17.402172088623047
2026-09-09T03:52:34.014348Z,v1000,RF_v1000,26.651744842529297,2.889394760131836,18.76235008239746
2026-09-09T03:52:35.498413Z,v1000,RF_v1000,34.792070388793945,2.643585205078125,27.14848518371582
2026-09-09T03:52:37.025693Z,v1000,RF_v1000,24.830703735351562,2.1114349365234375,17.719268798828125
2026-09-09T03:52:38.354462Z,v1000,RF_v1000,24.03247833251953,2.196788787841797,16.835689544677734
2026-09-09T03:52:39.867695Z,v1000,RF_v1000,24.779682159423828,2.1393299102783203,17.640352249145508
2026-09-09T03:52:41.354735Z,v1000,RF_v1000,26.26288414001465,3.0128955841064453,18.249988555908203
2026-09-09T03:52:42.883787Z,v1000,RF_v1000,28.60677719116211,2.133607864379883,21.473169326782227
2026-09-09T03:52:44.398886Z,v1000,RF_v1000,26.74091339111328,2.183675765991211,19.55723762512207
2026-09-09T03:52:45.949569Z,v1000,RF_v1000,26.565914154052734,2.1049976348876953,19.46091651916504
2026-09-09T03:52:47.320453Z,v1000,RF_v1000,26.08597755432129,1.6028881072998047,19.483089447021484
2026-09-09T03:52:48.891471Z,v1000,RF_v1000,24.29616928100586,2.110719680786133,17.185449600219727
2026-09-09T03:52:50.441850Z,v1000,RF_v1000,24.64592933654785,2.2237300872802734,17.422199249267578
2026-09-09T03:52:51.930044Z,v1000,RF_v1000,30.319576263427734,2.2411346435546875,23.078441619873047
2026-09-09T03:52:53.466968Z,v1000,RF_v1000,26.070003509521484,2.139568328857422,18.930435180664062
2026-09-09T03:52:54.951603Z,v1000,RF_v1000,25.160675048828125,2.1696090698242188,17.991065979003906
2026-09-09T03:52:56.371528Z,v1000,RF_v1000,24.172191619873047,2.1429061889648438,17.029285430908203
2026-09-09T03:52:57.886194Z,v1000,RF_v1000,27.565126419067383,2.340078353881836,20.225048065185547
2026-09-09T03:52:59.431605Z,v1000,RF_v1000,24.617319107055664,1.5926361083984375,18.024682998657227
2026-09-09T03:53:00.957917Z,v1000,RF_v1000,26.848440170288086,2.7463436126708984,19.102096557617188
2026-09-09T03:53:02.472430Z,v1000,RF_v1000,25.546913146972656,2.246856689453125,18.30005645751953
2026-09-09T03:53:04.151537Z,v1000,RF_v1000,26.32248878479004,2.7589797973632812,18.563508987426758
2026-09-09T03:53:05.474492Z,v1000,RF_v1000,24.28091049194336,1.6179084777832031,17.663002014160156
2026-09-09T03:53:07.022695Z,v1000,RF_v1000,25.768404006958008,2.1326541900634766,18.63574981689453
2026-09-09T03:53:08.634734Z,v1000,RF_v1000,28.275136947631836,2.139568328857422,21.135568618774414
2026-09-09T03:53:10.273231Z,v1000,RF_v1000,27.120237350463867,3.028392791748047,19.09184455871582
2026-09-09T03:53:11.853406Z,v1000,RF_v1000,26.96669578552246,2.190113067626953,19.776582717895508
2026-09-09T03:53:13.236059Z,v1000,RF_v1000,29.068355560302734,2.1598339080810547,21.90852165222168
2026-09-09T03:53:14.791632Z,v1000,RF_v1000,27.228479385375977,2.2420883178710938,19.986391067504883
2026-09-09T03:53:16.368083Z,v1000,RF_v1000,26.22211456298828,2.350330352783203,18.871784210205078
2026-09-09T03:53:17.955084Z,v1000,RF_v1000,26.820783615112305,2.739429473876953,19.08135414123535
2026-09-09T03:53:19.575433Z,v1000,RF_v1000,28.631572723388672,3.2501220703125,20.381450653076172
2026-09-09T03:53:21.239211Z,v1000,RF_v1000,26.708250045776367,3.1096935272216797,18.598556518554688
2026-09-09T03:53:22.815656Z,v1000,RF_v1000,27.0797061920166,2.855539321899414,19.224166870117188
2026-09-09T03:53:24.437994Z,v1000,RF_v1000,30.02918243408203,2.7451515197753906,22.28403091430664
2026-09-09T03:53:25.810942Z,v1000,RF_v1000,26.10600471496582,1.611471176147461,19.49453353881836
2026-09-09T03:53:27.436079Z,v1000,RF_v1000,25.845413208007812,2.650022506713867,18.195390701293945
2026-09-09T03:53:29.020533Z,v1000,RF_v1000,29.386882781982422,1.6031265258789062,22.783756256103516
2026-09-09T03:53:30.585183Z,v1000,RF_v1000,29.996042251586914,2.66265869140625,22.333383560180664
2026-09-09T03:53:32.142637Z,v1000,RF_v1000,31.152372360229492,1.6045570373535156,24.547815322875977
2026-09-09T03:53:33.821450Z,v1000,RF_v1000,27.884845733642578,2.156972885131836,20.727872848510742
2026-09-09T03:53:35.214625Z,v1000,RF_v1000,36.59070014953613,2.168893814086914,29.42180633544922
2026-09-09T03:53:36.832927Z,v1000,RF_v1000,28.401260375976562,2.695798873901367,20.705461502075195
2026-09-09T03:53:38.404502Z,v1000,RF_v1000,28.520469665527344,2.159595489501953,21.36087417602539
2026-09-09T03:53:39.954108Z,v1000,RF_v1000,31.42202377319336,2.2966861724853516,24.125337600708008
2026-09-09T03:53:41.535043Z,v1000,RF_v1000,28.943662643432617,2.699136734008789,21.244525909423828
2026-09-09T03:53:42.913693Z,v1000,RF_v1000,37.71007537841797,1.6841888427734375,31.02588653564453
2026-09-09T03:53:44.477459Z,v1000,RF_v1000,27.998809814453125,1.638650894165039,21.360158920288086
2026-09-09T03:53:46.053406Z,v1000,RF_v1000,34.51478958129883,1.6179084777832031,27.896881103515625
2026-09-09T03:53:47.604029Z,v1000,RF_v1000,30.588035583496094,2.13623046875,23.451805114746094
2026-09-09T03:53:49.190160Z,v1000,RF_v1000,29.157047271728516,2.1677017211914062,21.98934555053711
2026-09-09T03:53:50.718263Z,v1000,RF_v1000,30.09164810180664,1.5611648559570312,23.53048324584961
2026-09-09T03:53:52.393030Z,v1000,RF_v1000,30.771141052246094,2.288341522216797,23.482799530029297
2026-09-09T03:53:53.752040Z,v1000,RF_v1000,29.333953857421875,2.309083938598633,22.024869918823242
2026-09-09T03:53:55.331799Z,v1000,RF_v1000,37.45830535888672,2.6955604553222656,29.762744903564453
2026-09-09T03:53:56.856033Z,v1000,RF_v1000,31.004552841186523,2.142667770385742,23.86188507080078
2026-09-09T03:53:58.437584Z,v1000,RF_v1000,30.77686309814453,2.18963623046875,23.58722686767578
2026-09-09T03:53:59.988789Z,v1000,RF_v1000,33.243303298950195,2.7022361755371094,25.541067123413086
2026-09-09T03:54:01.549698Z,v1000,RF_v1000,31.31855010986328,2.712726593017578,23.605823516845703
2026-09-09T03:54:03.207295Z,v1000,RF_v1000,33.01990509033203,2.8853416442871094,25.134563446044922
2026-09-09T03:54:04.623118Z,v1000,RF_v1000,31.055097579956055,1.600503921508789,24.454593658447266
2026-09-09T03:54:06.252751Z,v1000,RF_v1000,31.482582092285156,2.099275588989258,24.3833065032959
2026-09-09T03:54:07.780705Z,v1000,RF_v1000,29.92356300354004,1.6028881072998047,23.320674896240234
2026-09-09T03:54:09.384086Z,v1000,RF_v1000,33.27858924865723,2.7189254760742188,25.559663772583008
2026-09-09T03:54:10.940698Z,v1000,RF_v1000,30.3143310546875,1.6446113586425781,23.669719696044922
2026-09-09T03:54:12.507503Z,v1000,RF_v1000,38.42032432556152,2.7456283569335938,30.67469596862793
2026-09-09T03:54:14.082637Z,v1000,RF_v1000,34.537200927734375,3.3740997314453125,26.163101196289062
2026-09-09T03:54:15.579101Z,v1000,RF_v1000,41.992549896240234,2.700328826904297,34.29222106933594
2026-09-09T03:54:17.233350Z,v1000,RF_v1000,40.947322845458984,2.1810531616210938,33.76626968383789
2026-09-09T03:54:18.870080Z,v1000,RF_v1000,31.38864517211914,2.6628971099853516,23.72574806213379
2026-09-09T03:54:20.547250Z,v1000,RF_v1000,32.622222900390625,2.125978469848633,25.496244430541992
2026-09-09T03:54:22.101872Z,v1000,RF_v1000,33.07116508483887,2.1686553955078125,25.902509689331055
2026-09-09T03:54:23.716124Z,v1000,RF_v1000,37.063961029052734,6.309270858764648,25.754690170288086
2026-09-09T03:54:25.299465Z,v1000,RF_v1000,31.009798049926758,2.713441848754883,23.296356201171875
2026-09-09T03:54:26.962244Z,v1000,RF_v1000,36.006813049316406,3.2351016998291016,27.771711349487305
2026-09-09T03:54:28.419170Z,v1000,RF_v1000,34.577016830444336,3.3864974975585938,26.190519332885742
2026-09-09T03:54:30.122073Z,v1000,RF_v1000,46.47076606750488,2.142667770385742,39.32809829711914
2026-09-09T03:54:31.672234Z,v1000,RF_v1000,40.25137901306152,2.7229785919189453,32.52840042114258
2026-09-09T03:54:33.396551Z,v1000,RF_v1000,35.3339958190918,2.684354782104492,27.649641036987305
2026-09-09T03:54:34.975032Z,v1000,RF_v1000,34.07752990722656,2.3021697998046875,26.775360107421875
2026-09-09T03:54:36.577381Z,v1000,RF_v1000,46.3668155670166,2.6979446411132812,38.66887092590332
2026-09-09T03:54:38.162780Z,v1000,RF_v1000,40.164594650268555,2.307415008544922,32.85717964172363
2026-09-09T03:54:39.624457Z,v1000,RF_v1000,36.616926193237305,2.1314620971679688,29.485464096069336
2026-09-09T03:54:41.229200Z,v1000,RF_v1000,36.38923645019531,2.1796226501464844,29.209613800048828
2026-09-09T03:54:42.913668Z,v1000,RF_v1000,33.83553504943848,2.1555423736572266,26.67999267578125
2026-09-09T03:54:44.570146Z,v1000,RF_v1000,36.670331954956055,3.309488296508789,28.360843658447266
2026-09-09T03:54:46.199325Z,v1000,RF_v1000,33.554677963256836,3.7789344787597656,24.77574348449707
2026-09-09T03:54:47.839339Z,v1000,RF_v1000,32.257442474365234,2.7170181274414062,24.540424346923828
2026-09-09T03:54:49.672905Z,v1000,RF_v1000,36.298160552978516,3.3025741577148438,27.995586395263672
2026-09-09T03:54:51.327522Z,v1000,RF_v1000,37.95445442199707,2.148866653442383,30.805587768554688
2026-09-09T03:54:52.836055Z,v1000,RF_v1000,35.51495552062988,2.881765365600586,27.633190155029297
2026-09-09T03:54:54.661939Z,v1000,RF_v1000,51.81062698364258,3.8080215454101562,43.00260543823242
2026-09-09T03:54:56.275091Z,v1000,RF_v1000,41.99684143066406,2.6977062225341797,34.29913520812988
2026-09-09T03:54:58.041561Z,v1000,RF_v1000,40.56013107299805,3.905773162841797,31.65435791015625
2026-09-09T03:54:59.797676Z,v1000,RF_v1000,36.11124038696289,2.154827117919922,28.95641326904297
2026-09-09T03:55:01.644854Z,v1000,RF_v1000,37.17029571533203,3.3822059631347656,28.788089752197266
2026-09-09T03:55:03.458668Z,v1000,RF_v1000,38.62870216369629,2.7844905853271484,30.84421157836914
2026-09-09T03:55:05.021924Z,v1000,RF_v1000,48.929100036621094,3.221750259399414,40.70734977722168
2026-09-09T03:55:06.729710Z,v1000,RF_v1000,45.41409492492676,1.631021499633789,38.78307342529297
2026-09-09T03:55:08.398053Z,v1000,RF_v1000,47.13285446166992,3.310680389404297,38.822174072265625
2026-09-09T03:55:10.004631Z,v1000,RF_v1000,41.691904067993164,2.1927356719970703,34.499168395996094
2026-09-09T03:55:11.749133Z,v1000,RF_v1000,63.30860137939453,2.72369384765625,55.58490753173828
2026-09-09T03:55:13.542286Z,v1000,RF_v1000,56.622867584228516,6.766557693481445,44.85630989074707
2026-09-09T03:55:15.640867Z,v1000,RF_v1000,62.640790939331055,8.816003799438477,48.82478713989258
2026-09-09T03:55:17.661559Z,v1000,RF_v1000,67.71243095397949,6.291866302490234,56.42056465148926
2026-09-09T03:55:19.738448Z,v1000,RF_v1000,50.983314514160156,4.801511764526367,41.18180274963379
2026-09-09T03:55:21.565212Z,v1000,RF_v1000,52.99175262451172,4.835605621337891,43.15614700317383
2026-09-09T03:55:23.563700Z,v1000,RF_v1000,70.34576416015625,18.13340187072754,47.21236228942871
2026-09-09T03:55:25.532953Z,v1000,RF_v1000,56.787376403808594,5.705356597900391,46.0820198059082
2026-09-09T03:55:27.537804Z,v1000,RF_v1000,54.61848258972168,8.64100456237793,40.97747802734375
2026-09-09T03:55:29.581282Z,v1000,RF_v1000,56.279544830322266,4.838705062866211,46.440839767456055
2026-09-09T03:55:31.541932Z,v1000,RF_v1000,61.883811950683594,9.125709533691406,47.75810241699219
2026-09-09T03:55:33.671745Z,v1000,RF_v1000,56.517486572265625,6.095170974731445,45.42231559753418
2026-09-09T03:55:35.662705Z,v1000,RF_v1000,55.2777099609375,5.911827087402344,44.365882873535156
2026-09-09T03:55:37.722896Z,v1000,RF_v1000,53.76089096069336,7.719278335571289,41.04161262512207
2026-09-09T03:55:39.562935Z,v1000,RF_v1000,57.9177188873291,8.145570755004883,44.77214813232422
2026-09-09T03:55:41.598168Z,v1000,RF_v1000,56.71346664428711,5.944967269897461,45.76849937438965
2026-09-09T03:55:43.582342Z,v1000,RF_v1000,62.343244552612305,5.055427551269531,52.28781700134277
2026-09-09T03:55:45.729894Z,v1000,RF_v1000,50.49813270568848,6.572961807250977,38.9251708984375
2026-09-09T03:55:47.912902Z,v1000,RF_v1000,50.70508003234863,6.969690322875977,38.735389709472656
2026-09-09T03:55:49.989000Z,v1000,RF_v1000,71.96724891662598,17.32921600341797,49.63803291320801
2026-09-09T03:55:52.209450Z,v1000,RF_v1000,66.92326545715332,5.005359649658203,56.91790580749512
2026-09-09T03:55:54.399151Z,v1000,RF_v1000,68.64941596984863,7.5244903564453125,56.12492561340332
2026-09-09T03:55:56.237356Z,v1000,RF_v1000,69.12792205810547,9.431838989257812,54.696083068847656
2026-09-09T03:55:58.401419Z,v1000,RF_v1000,61.693315505981445,6.96110725402832,49.732208251953125
2026-09-09T03:56:00.809013Z,v1000,RF_v1000,61.75673484802246,6.163835525512695,50.592899322509766
2026-09-09T03:56:03.284800Z,v1000,RF_v1000,56.818132400512695,7.28297233581543,44.535160064697266
2026-09-09T03:56:05.384111Z,v1000,RF_v1000,55.179481506347656,5.537748336791992,44.641733169555664
2026-09-09T03:56:07.238662Z,v1000,RF_v1000,61.211233139038086,4.271030426025391,51.940202713012695
2026-09-09T03:56:08.936668Z,v1000,RF_v1000,68.21096420288086,7.302045822143555,55.908918380737305
2026-09-09T03:56:11.092370Z,v1000,RF_v1000,92.4018669128418,23.878097534179688,63.52376937866211
2026-09-09T03:56:13.674703Z,v1000,RF_v1000,73.16768646240234,7.58814811706543,60.579538345336914
2026-09-09T03:56:16.015091Z,v1000,RF_v1000,81.53975486755371,9.339332580566406,67.2004222869873
2026-09-09T03:56:18.791410Z,v1000,RF_v1000,72.0175552368164,8.61048698425293,58.40706825256348
2026-09-09T03:56:21.316178Z,v1000,RF_v1000,65.07504463195801,9.477853775024414,50.597190856933594
2026-09-09T03:56:23.763961Z,v1000,RF_v1000,69.88537788391113,8.777856826782227,56.107521057128906
2026-09-09T03:56:26.355222Z,v1000,RF_v1000,73.20988655090332,9.070634841918945,59.139251708984375
2026-09-09T03:56:28.588500Z,v1000,RF_v1000,60.9689998626709,6.193876266479492,49.775123596191406
2026-09-09T03:56:30.925667Z,v1000,RF_v1000,65.57024002075195,8.23211669921875,52.3381233215332
2026-09-09T03:56:33.149718Z,v1000,RF_v1000,63.1209659576416,6.258487701416016,51.862478256225586
2026-09-09T03:56:35.407624Z,v1000,RF_v1000,76.08187675476074,5.24592399597168,65.83595275878906
2026-09-09T03:56:37.474090Z,v1000,RF_v1000,67.06703186035156,7.146120071411133,54.92091178894043
2026-09-09T03:56:39.609235Z,v1000,RF_v1000,63.901309967041016,8.516550064086914,50.3847599029541
2026-09-09T03:56:41.825254Z,v1000,RF_v1000,66.52057647705078,5.398988723754883,56.1215877532959
2026-09-09T03:56:44.044395Z,v1000,RF_v1000,77.67427444458008,10.16545295715332,62.50882148742676
2026-09-09T03:56:46.197157Z,v1000,RF_v1000,81.44772529602051,9.61923599243164,66.82848930358887
2026-09-09T03:56:48.399655Z,v1000,RF_v1000,60.58586120605469,6.855964660644531,48.729896545410156
2026-09-09T03:56:50.555859Z,v1000,RF_v1000,69.48054313659668,8.876562118530273,55.603981018066406
2026-09-09T03:56:52.665951Z,v1000,RF_v1000,81.57909393310547,21.476268768310547,55.10282516479492
2026-09-09T03:56:54.845037Z,v1000,RF_v1000,77.67236709594727,8.886575698852539,63.78579139709473
2026-09-09T03:56:56.941987Z,v1000,RF_v1000,73.88556480407715,5.934238433837891,62.95132637023926
2026-09-09T03:56:59.016275Z,v1000,RF_v1000,66.06829643249512,5.370378494262695,55.69791793823242
2026-09-09T03:57:00.965120Z,v1000,RF_v1000,80.55294036865234,7.958412170410156,67.59452819824219
2026-09-09T03:57:03.068127Z,v1000,RF_v1000,74.24772262573242,14.92929458618164,54.31842803955078
2026-09-09T03:57:05.264167Z,v1000,RF_v1000,81.60317420959473,8.992195129394531,67.6109790802002
2026-09-09T03:57:07.351520Z,v1000,RF_v1000,81.79414749145508,7.530689239501953,69.26345825195312
2026-09-09T03:57:09.604048Z,v1000,RF_v1000,79.33772087097168,7.838964462280273,66.4987564086914
2026-09-09T03:57:11.806336Z,v1000,RF_v1000,59.40044403076172,9.996652603149414,44.403791427612305
2026-09-09T03:57:14.234926Z,v1000,RF_v1000,52.52612113952637,5.545854568481445,41.98026657104492
2026-09-09T03:57:16.143997Z,v1000,RF_v1000,48.61534118652344,4.570722579956055,39.04461860656738
2026-09-09T03:57:18.030449Z,v1000,RF_v1000,68.74239921569824,7.1048736572265625,56.63752555847168
2026-09-09T03:57:19.884575Z,v1000,RF_v1000,51.76628112792969,7.9746246337890625,38.791656494140625
2026-09-09T03:57:21.425931Z,v1000,RF_v1000,54.81374740600586,5.91731071472168,43.89643669128418
2026-09-09T03:57:23.220647Z,v1000,RF_v1000,59.032087326049805,8.87751579284668,45.154571533203125
2026-09-09T03:57:25.006429Z,v1000,RF_v1000,67.08300590515137,6.043434143066406,56.03957176208496
2026-09-09T03:57:26.789971Z,v1000,RF_v1000,56.297903060913086,4.774570465087891,46.523332595825195
2026-09-09T03:57:28.586581Z,v1000,RF_v1000,62.0673942565918,6.81757926940918,50.24981498718262
2026-09-09T03:57:30.359608Z,v1000,RF_v1000,53.22063446044922,4.411458969116211,43.80917549133301
2026-09-09T03:57:32.191978Z,v1000,RF_v1000,62.10434913635254,4.8618316650390625,52.24251747131348
2026-09-09T03:57:34.066098Z,v1000,RF_v1000,62.06071853637695,6.103754043579102,50.95696449279785
2026-09-09T03:57:35.807660Z,v1000,RF_v1000,62.652950286865234,4.29534912109375,53.357601165771484
2026-09-09T03:57:37.551063Z,v1000,RF_v1000,64.37933921813965,4.999876022338867,54.37946319580078
2026-09-09T03:57:39.386160Z,v1000,RF_v1000,62.39569664001465,4.557132720947266,52.83856391906738
2026-09-09T03:57:41.445655Z,v1000,RF_v1000,52.55115509033203,6.049633026123047,41.501522064208984
2026-09-09T03:57:43.623789Z,v1000,RF_v1000,73.70102882385254,4.446983337402344,64.2540454864502
2026-09-09T03:57:45.717696Z,v1000,RF_v1000,55.0950813293457,8.054256439208984,42.04082489013672
2026-09-09T03:57:48.033706Z,v1000,RF_v1000,59.29673194885254,4.874467849731445,49.422264099121094
2026-09-09T03:57:50.013726Z,v1000,RF_v1000,54.20768737792969,4.540443420410156,44.66724395751953
2026-09-09T03:57:52.029315Z,v1000,RF_v1000,78.42076301574707,4.853487014770508,68.56727600097656
2026-09-09T03:57:53.994198Z,v1000,RF_v1000,61.50782585144043,5.991458892822266,50.516366958618164
2026-09-09T03:57:56.096153Z,v1000,RF_v1000,67.73889541625977,7.023811340332031,55.715084075927734
2026-09-09T03:57:58.005077Z,v1000,RF_v1000,67.30831146240234,10.450124740600586,51.85818672180176
2026-09-09T03:58:00.035640Z,v1000,RF_v1000,70.98377227783203,6.728172302246094,59.25559997558594
2026-09-09T03:58:01.883991Z,v1000,RF_v1000,56.625728607177734,5.28407096862793,46.341657638549805
2026-09-09T03:58:03.797269Z,v1000,RF_v1000,62.85870552062988,5.811929702758789,52.046775817871094
2026-09-09T03:58:05.720994Z,v1000,RF_v1000,56.59783363342285,6.51097297668457,45.08686065673828
2026-09-09T03:58:07.588348Z,v1000,RF_v1000,53.78997802734375,6.21485710144043,42.57512092590332
2026-09-09T03:58:09.391024Z,v1000,RF_v1000,60.484771728515625,5.481243133544922,50.0035285949707
2026-09-09T03:58:11.167740Z,v1000,RF_v1000,57.98495292663574,6.482839584350586,46.502113342285156
2026-09-09T03:58:12.973804Z,v1000,RF_v1000,58.748369216918945,9.527444839477539,44.220924377441406
2026-09-09T03:58:14.910148Z,v1000,RF_v1000,53.341989517211914,5.965232849121094,42.37675666809082
2026-09-09T03:58:16.812393Z,v1000,RF_v1000,57.594900131225586,7.892847061157227,44.70205307006836
2026-09-09T03:58:18.586953Z,v1000,RF_v1000,68.84611129760742,5.152463912963867,58.693647384643555
2026-09-09T03:58:20.177445Z,v1000,RF_v1000,67.16573715209961,5.608558654785156,56.55717849731445
2026-09-09T03:58:21.895653Z,v1000,RF_v1000,59.61764335632324,7.095813751220703,47.52182960510254
2026-09-09T03:58:23.649563Z,v1000,RF_v1000,54.642086029052734,5.372524261474609,44.269561767578125
2026-09-09T03:58:25.353725Z,v1000,RF_v1000,232.33473777770996,5.421876907348633,221.91286087036133
2026-09-09T03:58:27.097169Z,v1000,RF_v1000,56.53536796569824,5.896329879760742,45.6390380859375
2026-09-09T03:58:28.814941Z,v1000,RF_v1000,58.575754165649414,5.606651306152344,47.96910285949707
2026-09-09T03:58:30.544293Z,v1000,RF_v1000,74.65804100036621,6.170511245727539,63.48752975463867
2026-09-09T03:58:32.274483Z,v1000,RF_v1000,72.86847114562988,9.112119674682617,58.756351470947266
2026-09-09T03:58:34.140363Z,v1000,RF_v1000,72.65627861022949,6.188869476318359,61.46740913391113
2026-09-09T03:58:35.862554Z,v1000,RF_v1000,86.3596248626709,5.880594253540039,75.47903060913086
2026-09-09T03:58:37.800409Z,v1000,RF_v1000,90.92891693115234,13.81063461303711,72.11828231811523
2026-09-09T03:58:40.184663Z,v1000,RF_v1000,81.44104957580566,9.3841552734375,67.05689430236816
2026-09-09T03:58:42.244036Z,v1000,RF_v1000,84.4222354888916,7.213830947875977,72.20840454101562
2026-09-09T03:58:44.487944Z,v1000,RF_v1000,88.13179016113281,11.310815811157227,71.82097434997559
2026-09-09T03:58:46.698763Z,v1000,RF_v1000,83.85146141052246,8.533239364624023,70.31822204589844
2026-09-09T03:58:48.844252Z,v1000,RF_v1000,77.0670223236084,8.38017463684082,63.68684768676758
2026-09-09T03:58:51.058215Z,v1000,RF_v1000,87.84163475036621,10.519981384277344,72.32165336608887
2026-09-09T03:58:53.276199Z,v1000,RF_v1000,68.60793113708496,10.080099105834961,53.52783203125
2026-09-09T03:58:55.515305Z,v1000,RF_v1000,320.65117835998535,11.312246322631836,304.3389320373535
2026-09-09T03:58:57.742071Z,v1000,RF_v1000,92.16392517089844,13.575077056884766,73.58884811401367
2026-09-09T03:58:59.985368Z,v1000,RF_v1000,77.0219612121582,7.041692733764648,64.98026847839355
2026-09-09T03:59:02.185760Z,v1000,RF_v1000,79.51128959655762,12.047529220581055,62.46376037597656
2026-09-09T03:59:04.439497Z,v1000,RF_v1000,83.30023765563965,11.588096618652344,66.7121410369873
2026-09-09T03:59:06.632880Z,v1000,RF_v1000,99.90656852722168,6.515026092529297,88.39154243469238
2026-09-09T03:59:08.859159Z,v1000,RF_v1000,108.86848449707031,11.492252349853516,92.3762321472168
2026-09-09T03:59:11.074707Z,v1000,RF_v1000,105.85320472717285,14.624834060668945,86.2283706665039
2026-09-09T03:59:13.525745Z,v1000,RF_v1000,101.41647338867188,16.76464080810547,79.6518325805664
2026-09-09T03:59:16.083322Z,v1000,RF_v1000,105.52847862243652,10.877132415771484,89.65134620666504
2026-09-09T03:59:18.740418Z,v1000,RF_v1000,114.3440055847168,10.29348373413086,99.05052185058594
2026-09-09T03:59:21.433394Z,v1000,RF_v1000,116.88602447509766,14.516592025756836,97.36943244934082
2026-09-09T03:59:23.983920Z,v1000,RF_v1000,100.91078758239746,14.518499374389648,81.39228820800781
2026-09-09T03:59:26.586567Z,v1000,RF_v1000,95.92497825622559,13.38815689086914,77.53682136535645
2026-09-09T03:59:29.185694Z,v1000,RF_v1000,129.41444396972656,16.74175262451172,107.67269134521484
2026-09-09T03:59:31.824711Z,v1000,RF_v1000,136.76488876342773,14.438629150390625,117.32625961303711
2026-09-09T03:59:34.321973Z,v1000,RF_v1000,107.07462310791016,13.784408569335938,88.29021453857422
2026-09-09T03:59:37.012448Z,v1000,RF_v1000,130.30922889709473,20.636796951293945,104.67243194580078
2026-09-09T03:59:39.576036Z,v1000,RF_v1000,111.70351982116699,12.043476104736328,94.66004371643066
2026-09-09T03:59:42.181334Z,v1000,RF_v1000,114.77745056152344,17.056941986083984,92.72050857543945
2026-09-09T03:59:44.731723Z,v1000,RF_v1000,116.18555068969727,12.784481048583984,98.40106964111328
2026-09-09T03:59:47.366553Z,v1000,RF_v1000,123.41654777526855,17.95339584350586,100.4631519317627
2026-09-09T03:59:50.515774Z,v1000,RF_v1000,117.08248138427734,19.663333892822266,92.41914749145508
2026-09-09T03:59:53.098253Z,v1000,RF_v1000,73.9535140991211,13.618946075439453,55.33456802368164
2026-09-09T03:59:55.681479Z,v1000,RF_v1000,75.01614570617676,11.078357696533203,58.937788009643555
2026-09-09T03:59:57.639505Z,v1000,RF_v1000,81.76577568054199,7.964849472045898,68.8009262084961
2026-09-09T03:59:59.592610Z,v1000,RF_v1000,122.58303642272949,7.807493209838867,109.77554321289062
2026-09-09T04:00:01.759022Z,v1000,RF_v1000,126.36435508728027,13.205766677856445,108.15858840942383
2026-09-09T04:00:04.546780Z,v1000,RF_v1000,142.44783401489258,33.56456756591797,103.88326644897461
2026-09-09T04:00:07.180171Z,v1000,RF_v1000,141.64484024047852,25.985002517700195,110.65983772277832
2026-09-09T04:00:09.892800Z,v1000,RF_v1000,110.69143295288086,14.52326774597168,91.16816520690918
2026-09-09T04:00:12.600071Z,v1000,RF_v1000,120.68784713745117,9.526729583740234,106.16111755371094
2026-09-09T04:00:15.086938Z,v1000,RF_v1000,113.43014717102051,13.523340225219727,94.90680694580078
2026-09-09T04:00:17.712752Z,v1000,RF_v1000,121.29366874694824,12.678861618041992,103.61480712890625
2026-09-09T04:00:20.507803Z,v1000,RF_v1000,132.00653076171875,18.8753604888916,108.13117027282715
2026-09-09T04:00:23.390380Z,v1000,RF_v1000,117.88785934448242,22.114992141723633,90.77286720275879
2026-09-09T04:00:26.100158Z,v1000,RF_v1000,74.61226463317871,15.311479568481445,54.300785064697266
2026-09-09T04:00:28.735573Z,v1000,RF_v1000,77.3273754119873,7.711648941040039,64.61572647094727
2026-09-09T04:00:30.538132Z,v1000,RF_v1000,68.6746883392334,9.078502655029297,54.5961856842041
2026-09-09T04:00:32.396038Z,v1000,RF_v1000,67.21628189086914,7.25865364074707,54.95762825012207
2026-09-09T04:00:34.325390Z,v1000,RF_v1000,67.76845932006836,6.486177444458008,56.28228187561035
2026-09-09T04:00:36.155012Z,v1000,RF_v1000,72.57855415344238,8.230447769165039,59.348106384277344
2026-09-09T04:00:37.963632Z,v1000,RF_v1000,77.68166542053223,6.576061248779297,66.10560417175293
2026-09-09T04:00:39.806513Z,v1000,RF_v1000,77.10254669189453,7.55620002746582,64.54634666442871
2026-09-09T04:00:41.640234Z,v1000,RF_v1000,77.05486297607422,9.023666381835938,63.03119659423828
2026-09-09T04:00:43.557163Z,v1000,RF_v1000,74.73814964294434,9.480476379394531,60.257673263549805
2026-09-09T04:00:45.422035Z,v1000,RF_v1000,75.343017578125,11.046886444091797,59.2961311340332
2026-09-09T04:00:47.234966Z,v1000,RF_v1000,71.04695320129395,7.704496383666992,58.34245681762695
2026-09-09T04:00:49.148203Z,v1000,RF_v1000,88.3885669708252,16.640424728393555,66.74814224243164
2026-09-09T04:00:50.967210Z,v1000,RF_v1000,68.23552131652832,7.083415985107422,56.1521053314209
2026-09-09T04:00:52.945614Z,v1000,RF_v1000,75.19376754760742,8.234739303588867,61.959028244018555
2026-09-09T04:00:54.836300Z,v1000,RF_v1000,83.92274856567383,9.235620498657227,69.6871280670166
2026-09-09T04:00:56.659331Z,v1000,RF_v1000,75.39523124694824,8.85009765625,61.54513359069824
2026-09-09T04:00:58.653439Z,v1000,RF_v1000,86.3896656036377,12.282609939575195,69.1070556640625
2026-09-09T04:01:00.487745Z,v1000,RF_v1000,88.29367637634277,9.328842163085938,73.96483421325684
2026-09-09T04:01:02.362732Z,v1000,RF_v1000,93.8059139251709,13.907670974731445,74.89824295043945
2026-09-09T04:01:04.341096Z,v1000,RF_v1000,84.02097702026367,19.444942474365234,59.57603454589844
2026-09-09T04:01:06.292975Z,v1000,RF_v1000,85.03759384155273,9.292840957641602,70.74475288391113
2026-09-09T04:01:08.083792Z,v1000,RF_v1000,98.94478797912598,21.251678466796875,72.6931095123291
2026-09-09T04:01:10.044720Z,v1000,RF_v1000,93.5307788848877,20.215749740600586,68.31502914428711
2026-09-09T04:01:11.924887Z,v1000,RF_v1000,83.2325267791748,7.734775543212891,70.49775123596191
2026-09-09T04:01:13.820020Z,v1000,RF_v1000,74.3199634552002,8.947134017944336,60.37282943725586
2026-09-09T04:01:15.691740Z,v1000,RF_v1000,75.30248641967773,9.395837783813477,60.90664863586426
2026-09-09T04:01:17.596061Z,v1000,RF_v1000,83.50027084350586,8.680105209350586,69.82016563415527
2026-09-09T04:01:19.539251Z,v1000,RF_v1000,75.83439826965332,9.665727615356445,61.168670654296875
2026-09-09T04:01:21.505733Z,v1000,RF_v1000,78.49562644958496,8.194684982299805,65.30094146728516
2026-09-09T04:01:23.396820Z,v1000,RF_v1000,78.29106330871582,8.687973022460938,64.60309028625488
2026-09-09T04:01:25.129593Z,v1000,RF_v1000,75.80984115600586,8.940458297729492,61.86938285827637
2026-09-09T04:01:27.109505Z,v1000,RF_v1000,116.96660995483398,9.712457656860352,102.25415229797363
2026-09-09T04:01:28.962044Z,v1000,RF_v1000,87.47637748718262,9.074211120605469,73.40216636657715
2026-09-09T04:01:30.992603Z,v1000,RF_v1000,90.29305458068848,7.7991485595703125,77.49390602111816
2026-09-09T04:01:32.926434Z,v1000,RF_v1000,92.76617050170898,16.36981964111328,71.3963508605957
2026-09-09T04:01:34.904248Z,v1000,RF_v1000,84.7414779663086,8.291482925415039,71.44999504089355
2026-09-09T04:01:36.799639Z,v1000,RF_v1000,78.36568832397461,10.89787483215332,62.46781349182129
2026-09-09T04:01:38.705736Z,v1000,RF_v1000,77.93891906738281,8.748292922973633,64.19062614440918
2026-09-09T04:01:40.698541Z,v1000,RF_v1000,84.61773872375488,7.745504379272461,71.87223434448242
2026-09-09T04:01:42.609480Z,v1000,RF_v1000,84.39624786376953,8.578777313232422,70.81747055053711
2026-09-09T04:01:44.533242Z,v1000,RF_v1000,75.40572166442871,8.599281311035156,61.806440353393555
2026-09-09T04:01:46.539228Z,v1000,RF_v1000,44.63661193847656,16.655445098876953,22.98116683959961
2026-09-09T04:05:16.499005Z,v1000,RF_v1000,54.55101013183594,26.709318161010742,22.841691970825195
2026-09-09T04:05:18.975626Z,v1000,RF_v1000,31.514053344726562,3.7941932678222656,22.719860076904297
2026-09-09T04:05:21.436659Z,v1000,RF_v1000,32.74190902709961,3.8874149322509766,23.854494094848633
2026-09-09T04:05:24.178588Z,v1000,RF_v1000,32.93550491333008,3.242969512939453,24.692535400390625
2026-09-09T04:05:26.497879Z,v1000,RF_v1000,30.074481964111328,2.7501583099365234,22.324323654174805
2026-09-09T04:05:29.013018Z,v1000,RF_v1000,29.913787841796875,4.7283172607421875,20.185470581054688
2026-09-09T04:05:31.770926Z,v1000,RF_v1000,29.616718292236328,3.2613277435302734,21.355390548706055
2026-09-09T04:05:34.332802Z,v1000,RF_v1000,31.1533260345459,3.2501220703125,22.9032039642334
2026-09-09T04:05:36.739896Z,v1000,RF_v1000,33.14769744873047,3.8557052612304688,24.2919921875
2026-09-09T04:05:39.355454Z,v1000,RF_v1000,34.27708625793457,3.551959991455078,25.725126266479492
2026-09-09T04:05:41.895220Z,v1000,RF_v1000,29.528026580810547,3.7801265716552734,20.747900009155273
2026-09-09T04:05:44.388955Z,v1000,RF_v1000,25.226478576660156,3.303050994873047,16.92342758178711
2026-09-09T04:05:46.953094Z,v1000,RF_v1000,30.53081512451172,3.343820571899414,22.186994552612305
2026-09-09T04:05:49.520480Z,v1000,RF_v1000,29.63078498840332,3.393411636352539,21.23737335205078
2026-09-09T04:05:51.391932Z,v1000,RF_v1000,21.87788963317871,2.7565956115722656,14.121294021606445
2026-09-09T04:05:53.902706Z,v1000,RF_v1000,20.58852195739746,4.263877868652344,11.324644088745117
2026-09-09T04:05:56.293266Z,v1000,RF_v1000,27.493600845336914,2.7136802673339844,19.77992057800293
2026-09-09T04:05:58.120081Z,v1000,RF_v1000,22.905712127685547,2.1359920501708984,15.769720077514648
2026-09-09T04:05:59.928040Z,v1000,RF_v1000,28.763418197631836,2.6667118072509766,21.09670639038086
2026-09-09T04:06:02.082799Z,v1000,RF_v1000,28.50926399230957,3.4291744232177734,20.080089569091797
2026-09-09T04:06:04.127625Z,v1000,RF_v1000,35.32493591308594,2.151966094970703,28.172969818115234
2026-09-09T04:06:06.702971Z,v1000,RF_v1000,26.731853485107422,3.1859874725341797,18.545866012573242
2026-09-09T04:06:09.376991Z,v1000,RF_v1000,25.107030868530273,3.371715545654297,16.735315322875977
2026-09-09T04:06:12.144363Z,v1000,RF_v1000,22.617464065551758,2.814054489135742,14.803409576416016
2026-09-09T04:06:13.996798Z,v1000,RF_v1000,21.492843627929688,2.8984546661376953,13.594388961791992
2026-09-09T04:06:15.896829Z,v1000,RF_v1000,20.093088150024414,2.1429061889648438,12.95018196105957
2026-09-09T04:06:17.555654Z,v1000,RF_v1000,21.65019989013672,2.1507740020751953,14.499425888061523
2026-09-09T04:06:19.315042Z,v1000,RF_v1000,29.96170997619629,2.918720245361328,22.04298973083496
2026-09-09T04:06:21.025136Z,v1000,RF_v1000,21.7844295501709,2.1381378173828125,14.646291732788086
2026-09-09T04:06:22.768777Z,v1000,RF_v1000,22.56906509399414,2.1429061889648438,15.426158905029297
2026-09-09T04:06:24.610143Z,v1000,RF_v1000,21.160249710083008,2.6903152465820312,13.469934463500977
2026-09-09T04:06:26.367710Z,v1000,RF_v1000,19.813661575317383,2.150297164916992,12.66336441040039
2026-09-09T04:06:28.200054Z,v1000,RF_v1000,25.84946632385254,3.2155513763427734,17.633914947509766
2026-09-09T04:06:29.994883Z,v1000,RF_v1000,20.827178955078125,2.09808349609375,13.729095458984375
2026-09-09T04:06:31.780393Z,v1000,RF_v1000,20.82169532775879,2.1805763244628906,13.641119003295898
2026-09-09T04:06:33.627538Z,v1000,RF_v1000,19.86825942993164,2.240896224975586,12.627363204956055
2026-09-09T04:06:35.636110Z,v1000,RF_v1000,20.660762786865234,1.6012191772460938,14.05954360961914
2026-09-09T04:06:37.361870Z,v1000,RF_v1000,21.472339630126953,2.7909278869628906,13.681411743164062
2026-09-09T04:06:39.017941Z,v1000,RF_v1000,25.180225372314453,2.1533966064453125,18.02682876586914
2026-09-09T04:06:41.055324Z,v1000,RF_v1000,25.39647102355957,7.463216781616211,12.93325424194336
2026-09-09T04:06:42.811616Z,v1000,RF_v1000,22.876625061035156,2.1593570709228516,15.717267990112305
2026-09-09T04:06:44.592202Z,v1000,RF_v1000,21.63970947265625,2.2246837615966797,14.41502571105957
2026-09-09T04:06:46.348700Z,v1000,RF_v1000,32.588605880737305,2.153635025024414,25.43497085571289
2026-09-09T04:06:48.319825Z,v1000,RF_v1000,22.442941665649414,2.177715301513672,15.265226364135742
2026-09-09T04:06:50.024552Z,v1000,RF_v1000,26.743297576904297,2.1719932556152344,19.571304321289062
2026-09-09T04:06:51.947524Z,v1000,RF_v1000,31.88884735107422,2.162456512451172,24.726390838623047
2026-09-09T04:06:53.730445Z,v1000,RF_v1000,24.05083656311035,2.1696090698242188,16.881227493286133
2026-09-09T04:06:55.562592Z,v1000,RF_v1000,22.527103424072266,2.144336700439453,15.382766723632812
2026-09-09T04:06:57.388467Z,v1000,RF_v1000,22.42243766784668,2.1572113037109375,15.265226364135742
2026-09-09T04:06:59.149730Z,v1000,RF_v1000,21.85476303100586,1.6169548034667969,15.237808227539062
2026-09-09T04:07:00.837627Z,v1000,RF_v1000,21.106605529785156,2.172708511352539,13.933897018432617
2026-09-09T04:07:02.788447Z,v1000,RF_v1000,21.28255844116211,2.1533966064453125,14.129161834716797
2026-09-09T04:07:04.562567Z,v1000,RF_v1000,24.165992736816406,2.2416114807128906,16.924381256103516
2026-09-09T04:07:06.438468Z,v1000,RF_v1000,22.97962188720703,2.1028518676757812,15.87677001953125
2026-09-09T04:07:08.115416Z,v1000,RF_v1000,22.24553108215332,1.6894340515136719,15.556097030639648
2026-09-09T04:07:09.902201Z,v1000,RF_v1000,23.700361251831055,2.1839141845703125,16.516447067260742
2026-09-09T04:07:11.653966Z,v1000,RF_v1000,22.02594757080078,1.6162395477294922,15.409708023071289
2026-09-09T04:07:13.858489Z,v1000,RF_v1000,31.151657104492188,2.706289291381836,23.44536781311035
2026-09-09T04:07:15.771224Z,v1000,RF_v1000,22.652511596679688,2.3479461669921875,15.3045654296875
2026-09-09T04:07:17.582211Z,v1000,RF_v1000,26.145343780517578,2.233266830444336,18.912076950073242
2026-09-09T04:07:19.679187Z,v1000,RF_v1000,23.53036880493164,2.7654170989990234,15.764951705932617
2026-09-09T04:07:21.516538Z,v1000,RF_v1000,23.987178802490234,1.7104148864746094,17.276763916015625
2026-09-09T04:07:23.178039Z,v1000,RF_v1000,22.99178123474121,1.5897750854492188,16.402006149291992
2026-09-09T04:07:24.893998Z,v1000,RF_v1000,24.315004348754883,2.151012420654297,17.163991928100586
2026-09-09T04:07:26.679429Z,v1000,RF_v1000,25.468473434448242,3.2472610473632812,17.22121238708496
2026-09-09T04:07:28.666695Z,v1000,RF_v1000,24.69432830810547,2.1393299102783203,17.55499839782715
2026-09-09T04:07:30.616200Z,v1000,RF_v1000,23.483877182006836,2.1636486053466797,16.320228576660156
2026-09-09T04:07:32.586548Z,v1000,RF_v1000,26.19612693786621,3.518819808959961,17.67730712890625
2026-09-09T04:07:34.570358Z,v1000,RF_v1000,24.852638244628906,2.4161338806152344,17.436504364013672
2026-09-09T04:07:36.689928Z,v1000,RF_v1000,23.49365234375,2.1958351135253906,16.29781723022461
2026-09-09T04:07:38.482659Z,v1000,RF_v1000,23.00060272216797,1.7056465148925781,16.29495620727539
2026-09-09T04:07:40.313245Z,v1000,RF_v1000,25.952463150024414,2.366304397583008,18.586158752441406
2026-09-09T04:07:42.052237Z,v1000,RF_v1000,24.71268653869629,1.5835762023925781,18.12911033630371
2026-09-09T04:07:43.818277Z,v1000,RF_v1000,28.67544174194336,3.503561019897461,20.1718807220459
2026-09-09T04:07:45.522391Z,v1000,RF_v1000,24.220829010009766,2.1867752075195312,17.034053802490234
2026-09-09T04:07:47.273489Z,v1000,RF_v1000,24.57082748413086,2.198457717895508,17.37236976623535
2026-09-09T04:07:49.209900Z,v1000,RF_v1000,26.235227584838867,4.289150238037109,16.946077346801758
2026-09-09T04:07:50.947203Z,v1000,RF_v1000,24.541501998901367,2.226591110229492,17.314910888671875
2026-09-09T04:07:52.637476Z,v1000,RF_v1000,26.076679229736328,2.14385986328125,18.932819366455078
2026-09-09T04:07:54.376304Z,v1000,RF_v1000,27.03655242919922,3.7877559661865234,18.248796463012695
2026-09-09T04:07:56.057158Z,v1000,RF_v1000,25.02882957458496,2.2199153900146484,17.808914184570312
2026-09-09T04:07:57.780061Z,v1000,RF_v1000,26.11363410949707,2.6962757110595703,18.4173583984375
2026-09-09T04:07:59.456077Z,v1000,RF_v1000,26.74520492553711,2.1469593048095703,19.59824562072754
2026-09-09T04:08:01.175499Z,v1000,RF_v1000,26.424531936645508,2.241373062133789,19.18315887451172
2026-09-09T04:08:02.877165Z,v1000,RF_v1000,39.218549728393555,2.2134780883789062,32.00507164001465
2026-09-09T04:08:04.728443Z,v1000,RF_v1000,27.394657135009766,2.2742748260498047,20.12038230895996
2026-09-09T04:08:06.546774Z,v1000,RF_v1000,29.10435676574707,3.0333995819091797,21.07095718383789
2026-09-09T04:08:08.485429Z,v1000,RF_v1000,28.522138595581055,2.3887157440185547,21.1334228515625
2026-09-09T04:08:10.243505Z,v1000,RF_v1000,26.47364616394043,2.1605491638183594,19.31309700012207
2026-09-09T04:08:12.182143Z,v1000,RF_v1000,27.324085235595703,2.209901809692383,20.11418342590332
2026-09-09T04:08:14.046222Z,v1000,RF_v1000,29.014711380004883,2.141237258911133,21.87347412109375
2026-09-09T04:08:15.757553Z,v1000,RF_v1000,28.09703826904297,2.1474361419677734,20.949602127075195
2026-09-09T04:08:17.485880Z,v1000,RF_v1000,36.499385833740234,2.3550987243652344,29.144287109375
2026-09-09T04:08:19.204146Z,v1000,RF_v1000,28.51522445678711,2.731800079345703,20.783424377441406
2026-09-09T04:08:20.923588Z,v1000,RF_v1000,42.30344772338867,4.851102828979492,32.45234489440918
2026-09-09T04:08:22.638827Z,v1000,RF_v1000,29.08456802368164,2.774953842163086,21.309614181518555
2026-09-09T04:08:24.365996Z,v1000,RF_v1000,80.12187957763672,1.6016960144042969,73.52018356323242
2026-09-09T04:08:26.294484Z,v1000,RF_v1000,93.99211883544922,3.302335739135742,85.68978309631348
2026-09-09T04:15:12.639889Z,v1000,RF_v1000,101.82869911193848,22.46379852294922,74.36490058898926
2026-09-09T04:15:15.393181Z,v1000,RF_v1000,84.21242713928223,8.575201034545898,70.63722610473633
2026-09-09T04:15:18.410137Z,v1000,RF_v1000,92.99529075622559,9.290933609008789,78.7043571472168
2026-09-09T04:15:21.333219Z,v1000,RF_v1000,87.85355567932129,6.249189376831055,76.60436630249023
2026-09-09T04:15:24.093351Z,v1000,RF_v1000,101.32468223571777,8.249759674072266,88.07492256164551
2026-09-09T04:15:27.015421Z,v1000,RF_v1000,98.72782707214355,10.38503646850586,83.3427906036377
2026-09-09T04:15:29.831365Z,v1000,RF_v1000,103.01912307739258,9.446859359741211,88.57226371765137
2026-09-09T04:15:32.671216Z,v1000,RF_v1000,103.4959602355957,9.685754776000977,88.81020545959473
2026-09-09T04:15:35.656586Z,v1000,RF_v1000,95.35372734069824,7.105112075805664,83.24861526489258
2026-09-09T04:15:38.709010Z,v1000,RF_v1000,86.93111419677734,3.631591796875,78.29952239990234
2026-09-09T04:15:41.585336Z,v1000,RF_v1000,100.97921371459961,7.582902908325195,88.39631080627441
2026-09-09T04:15:44.594021Z,v1000,RF_v1000,96.79472923278809,10.13326644897461,81.66146278381348
2026-09-09T04:15:47.832348Z,v1000,RF_v1000,96.41993522644043,7.132530212402344,84.28740501403809
2026-09-09T04:15:50.893921Z,v1000,RF_v1000,92.6615047454834,9.289264678955078,78.37224006652832
2026-09-09T04:15:53.973394Z,v1000,RF_v1000,90.28852462768555,9.459972381591797,75.82855224609375
2026-09-09T04:15:56.944814Z,v1000,RF_v1000,100.52526473999023,5.932331085205078,89.59293365478516
2026-09-09T04:16:00.073208Z,v1000,RF_v1000,95.94715118408203,8.062124252319336,82.8850269317627
2026-09-09T04:16:03.216079Z,v1000,RF_v1000,95.23284912109375,6.702423095703125,83.53042602539062
2026-09-09T04:16:06.409214Z,v1000,RF_v1000,90.8607292175293,9.77325439453125,76.08747482299805
2026-09-09T04:16:09.628611Z,v1000,RF_v1000,84.12182807922363,5.914211273193359,73.20761680603027
2026-09-09T04:16:12.746102Z,v1000,RF_v1000,95.0125503540039,5.365848541259766,84.64670181274414
2026-09-09T04:16:15.937108Z,v1000,RF_v1000,90.7856273651123,11.887788772583008,73.8978385925293
2026-09-09T04:16:19.060519Z,v1000,RF_v1000,107.20599174499512,11.677980422973633,90.52801132202148
2026-09-09T04:16:22.687378Z,v1000,RF_v1000,102.68867492675781,12.401342391967773,85.28733253479004
2026-09-09T04:16:25.708266Z,v1000,RF_v1000,110.35287857055664,7.691860198974609,97.66101837158203
2026-09-09T04:16:28.762719Z,v1000,RF_v1000,91.23266220092773,10.605573654174805,75.62708854675293
2026-09-09T04:16:31.785729Z,v1000,RF_v1000,102.7787971496582,8.839607238769531,88.93918991088867
2026-09-09T04:16:35.092026Z,v1000,RF_v1000,110.99398612976074,9.474039077758789,96.51994705200195
2026-09-09T04:16:38.192624Z,v1000,RF_v1000,104.63345527648926,10.592460632324219,89.04099464416504
2026-09-09T04:16:41.384620Z,v1000,RF_v1000,104.58434104919434,8.271455764770508,91.31288528442383
2026-09-09T04:16:44.630081Z,v1000,RF_v1000,96.12811088562012,6.728887557983398,84.39922332763672
2026-09-09T04:16:47.849838Z,v1000,RF_v1000,99.90084648132324,13.047456741333008,81.85338973999023
2026-09-09T04:16:51.464091Z,v1000,RF_v1000,96.71104431152344,9.368658065795898,82.34238624572754
2026-09-09T04:16:54.701349Z,v1000,RF_v1000,104.96581077575684,10.451078414916992,89.51473236083984
2026-09-09T04:16:57.836420Z,v1000,RF_v1000,115.28838157653809,12.628793716430664,97.65958786010742
2026-09-09T04:17:01.216276Z,v1000,RF_v1000,108.7449836730957,8.082151412963867,95.66283226013184
2026-09-09T04:17:04.533022Z,v1000,RF_v1000,106.84884071350098,13.722896575927734,88.12594413757324
2026-09-09T04:17:07.485926Z,v1000,RF_v1000,95.18182754516602,8.298635482788086,81.88319206237793
2026-09-09T04:17:10.565474Z,v1000,RF_v1000,109.76207733154297,12.408971786499023,92.35310554504395
2026-09-09T04:17:13.754909Z,v1000,RF_v1000,124.08841133117676,25.287151336669922,93.80125999450684
2026-09-09T04:17:16.891588Z,v1000,RF_v1000,111.64987564086914,17.426013946533203,89.22386169433594
2026-09-09T04:17:20.566537Z,v1000,RF_v1000,103.85716438293457,12.778520584106445,86.07864379882812
2026-09-09T04:17:23.505396Z,v1000,RF_v1000,75.27387619018555,7.820367813110352,62.453508377075195
2026-09-09T04:17:26.673886Z,v1000,RF_v1000,81.67350769042969,13.583898544311523,63.089609146118164
2026-09-09T04:17:29.710415Z,v1000,RF_v1000,78.71878623962402,12.341499328613281,61.37728691101074
2026-09-09T04:17:32.201861Z,v1000,RF_v1000,68.60054016113281,3.262758255004883,60.33778190612793
2026-09-09T04:17:34.153840Z,v1000,RF_v1000,68.05813789367676,3.8080215454101562,59.2501163482666
2026-09-09T04:17:36.173768Z,v1000,RF_v1000,71.1916732788086,5.928754806518555,60.26291847229004
2026-09-09T04:17:38.055514Z,v1000,RF_v1000,64.53121185302734,5.527734756469727,54.00347709655762
2026-09-09T04:17:39.882614Z,v1000,RF_v1000,70.82760810852051,4.431247711181641,61.39636039733887
2026-09-09T04:17:42.025757Z,v1000,RF_v1000,59.99982833862305,4.403114318847656,50.59671401977539
2026-09-09T04:17:43.916354Z,v1000,RF_v1000,62.915687561035156,5.985260009765625,51.93042755126953
2026-09-09T04:17:45.965657Z,v1000,RF_v1000,67.23106384277344,6.169795989990234,56.0612678527832
2026-09-09T04:17:47.904030Z,v1000,RF_v1000,61.507110595703125,3.8542747497558594,52.652835845947266
2026-09-09T04:17:49.836047Z,v1000,RF_v1000,61.19359016418457,4.26936149597168,51.92422866821289
2026-09-09T04:17:51.755226Z,v1000,RF_v1000,65.95767021179199,4.396200180053711,56.56147003173828
2026-09-09T04:17:53.634074Z,v1000,RF_v1000,70.57035446166992,4.268169403076172,61.30218505859375
2026-09-09T04:17:55.548251Z,v1000,RF_v1000,61.101083755493164,5.033254623413086,51.06782913208008
2026-09-09T04:17:57.448143Z,v1000,RF_v1000,68.16685676574707,4.870414733886719,58.29644203186035
2026-09-09T04:17:59.685838Z,v1000,RF_v1000,69.93782997131348,7.592201232910156,57.34562873840332
2026-09-09T04:18:01.658191Z,v1000,RF_v1000,73.32671165466309,4.96220588684082,63.364505767822266
2026-09-09T04:18:03.744536Z,v1000,RF_v1000,67.90364265441895,4.337549209594727,58.56609344482422
2026-09-09T04:18:05.649393Z,v1000,RF_v1000,65.36019325256348,4.314184188842773,56.0460090637207
2026-09-09T04:18:07.581082Z,v1000,RF_v1000,70.60850143432617,4.352807998657227,61.255693435668945
2026-09-09T04:18:09.533821Z,v1000,RF_v1000,63.86268615722656,5.492448806762695,53.37023735046387
2026-09-09T04:18:11.501894Z,v1000,RF_v1000,66.49983406066895,8.347511291503906,53.15232276916504
2026-09-09T04:18:13.616256Z,v1000,RF_v1000,63.87007713317871,4.85682487487793,54.01325225830078
2026-09-09T04:18:15.531465Z,v1000,RF_v1000,65.50515174865723,6.283760070800781,54.221391677856445
2026-09-09T04:18:17.530049Z,v1000,RF_v1000,130.22006034851074,5.67626953125,119.54379081726074
2026-09-09T04:18:19.431356Z,v1000,RF_v1000,65.05406379699707,4.510402679443359,55.54366111755371
2026-09-09T04:18:21.482173Z,v1000,RF_v1000,69.43023681640625,7.37309455871582,57.05714225769043
2026-09-09T04:18:23.452145Z,v1000,RF_v1000,63.15696716308594,4.928827285766602,53.228139877319336
2026-09-09T04:18:25.396521Z,v1000,RF_v1000,84.52666282653809,6.035566329956055,73.49109649658203
2026-09-09T04:18:27.403294Z,v1000,RF_v1000,61.48303031921387,4.794836044311523,51.688194274902344
2026-09-09T04:18:29.606765Z,v1000,RF_v1000,73.41111183166504,4.8961639404296875,63.51494789123535
2026-09-09T04:18:31.611040Z,v1000,RF_v1000,69.04590606689453,4.863739013671875,59.182167053222656
2026-09-09T04:18:33.640787Z,v1000,RF_v1000,70.7048225402832,5.380153656005859,60.324668884277344
2026-09-09T04:18:35.580715Z,v1000,RF_v1000,78.43173027038574,4.91023063659668,68.52149963378906
2026-09-09T04:18:37.538812Z,v1000,RF_v1000,87.42440223693848,6.003618240356445,76.42078399658203
2026-09-09T04:18:39.426196Z,v1000,RF_v1000,70.90962409973145,4.888057708740234,61.02156639099121
2026-09-09T04:18:41.403483Z,v1000,RF_v1000,64.5848560333252,5.49006462097168,54.094791412353516
2026-09-09T04:18:43.505826Z,v1000,RF_v1000,69.47768211364746,5.101680755615234,59.37600135803223
2026-09-09T04:18:45.468314Z,v1000,RF_v1000,69.17346000671387,7.752418518066406,56.42104148864746
2026-09-09T04:18:47.640518Z,v1000,RF_v1000,77.0679759979248,6.28352165222168,65.78445434570312
2026-09-09T04:18:49.613950Z,v1000,RF_v1000,91.91573143005371,4.928112030029297,81.98761940002441
2026-09-09T04:18:51.582218Z,v1000,RF_v1000,72.0311450958252,5.930662155151367,61.10048294067383
2026-09-09T04:18:53.560282Z,v1000,RF_v1000,64.84020233154297,5.496978759765625,54.343223571777344
2026-09-09T04:18:55.566944Z,v1000,RF_v1000,71.63799285888672,5.474328994750977,61.16366386413574
2026-09-09T04:18:57.754775Z,v1000,RF_v1000,66.23065948486328,5.579471588134766,55.651187896728516
2026-09-09T04:18:59.764237Z,v1000,RF_v1000,68.57240676879883,6.451606750488281,57.12080001831055
2026-09-09T04:19:01.866226Z,v1000,RF_v1000,72.94452667236328,10.498523712158203,57.44600296020508
2026-09-09T04:19:03.960908Z,v1000,RF_v1000,72.1999454498291,8.141040802001953,59.05890464782715
2026-09-09T04:19:05.980967Z,v1000,RF_v1000,85.23476600646973,5.919933319091797,74.31483268737793
2026-09-09T04:19:08.063197Z,v1000,RF_v1000,75.21856307983398,5.353212356567383,64.8653507232666
2026-09-09T04:19:09.998571Z,v1000,RF_v1000,67.36600875854492,6.026029586791992,56.33997917175293
2026-09-09T04:19:12.190095Z,v1000,RF_v1000,69.93639945983887,5.405187606811523,59.531211853027344
2026-09-09T04:19:14.141106Z,v1000,RF_v1000,71.80011749267578,5.899667739868164,60.90044975280762
2026-09-09T04:19:16.204456Z,v1000,RF_v1000,81.37882232666016,6.178617477416992,70.20020484924316
2026-09-09T04:19:18.157247Z,v1000,RF_v1000,70.35172462463379,6.448268890380859,58.90345573425293
2026-09-09T04:19:20.144836Z,v1000,RF_v1000,74.16689872741699,6.050825119018555,63.11607360839844
2026-09-09T04:19:22.167755Z,v1000,RF_v1000,80.01721382141113,6.120920181274414,68.89629364013672
2026-09-09T04:19:24.162136Z,v1000,RF_v1000,76.4101791381836,6.0176849365234375,65.39249420166016
2026-09-09T04:19:26.266905Z,v1000,RF_v1000,68.82441520690918,6.694793701171875,57.129621505737305
2026-09-09T04:19:28.624719Z,v1000,RF_v1000,73.47167015075684,7.618904113769531,60.852766036987305
2026-09-09T04:19:30.649548Z,v1000,RF_v1000,85.84368705749512,6.720542907714844,74.12314414978027
2026-09-09T04:19:32.687114Z,v1000,RF_v1000,72.20566749572754,6.857872009277344,60.347795486450195
2026-09-09T04:19:34.841784Z,v1000,RF_v1000,78.82869720458984,7.153749465942383,66.67494773864746
2026-09-09T04:19:36.950974Z,v1000,RF_v1000,75.36113739013672,6.024360656738281,64.33677673339844
2026-09-09T04:19:39.118492Z,v1000,RF_v1000,77.13926315307617,7.027149200439453,65.11211395263672
2026-09-09T04:19:41.411202Z,v1000,RF_v1000,68.07148933410645,6.9522857666015625,56.11920356750488
2026-09-09T04:19:43.538132Z,v1000,RF_v1000,76.04802131652832,5.756139755249023,65.2918815612793
2026-09-09T04:19:45.587008Z,v1000,RF_v1000,74.75173950195312,8.366107940673828,61.3856315612793
2026-09-09T04:19:47.648195Z,v1000,RF_v1000,92.81123161315918,6.949901580810547,80.86133003234863
2026-09-09T04:19:49.727568Z,v1000,RF_v1000,80.71005821228027,11.924982070922852,63.78507614135742
2026-09-09T04:19:51.799374Z,v1000,RF_v1000,114.85374450683594,49.32403564453125,60.52970886230469
2026-09-09T04:19:53.881107Z,v1000,RF_v1000,72.87824630737305,7.323265075683594,60.55498123168945
2026-09-09T04:19:56.066125Z,v1000,RF_v1000,72.1076774597168,6.006956100463867,61.10072135925293
2026-09-09T04:19:58.150781Z,v1000,RF_v1000,91.89665794372559,6.895303726196289,80.0013542175293
2026-09-09T04:20:00.224328Z,v1000,RF_v1000,75.19281387329102,7.04503059387207,63.147783279418945
2026-09-09T04:20:02.266405Z,v1000,RF_v1000,91.44604682922363,21.803617477416992,64.64242935180664
2026-09-09T04:20:04.432113Z,v1000,RF_v1000,75.99199295043945,6.426572799682617,64.56542015075684
2026-09-09T04:20:06.532167Z,v1000,RF_v1000,72.14987754821777,6.576299667358398,60.573577880859375
2026-09-09T04:20:08.747602Z,v1000,RF_v1000,81.17783546447754,7.738828659057617,68.43900680541992
2026-09-09T04:20:10.753227Z,v1000,RF_v1000,81.25699043273926,7.558107376098633,68.69888305664062
2026-09-09T04:20:12.853316Z,v1000,RF_v1000,75.50371170043945,7.175922393798828,63.327789306640625
2026-09-09T04:20:14.935421Z,v1000,RF_v1000,76.95401191711426,8.649587631225586,63.30442428588867
2026-09-09T04:20:16.966126Z,v1000,RF_v1000,76.59566879272461,7.53474235534668,64.06092643737793
2026-09-09T04:20:19.067959Z,v1000,RF_v1000,75.39523124694824,7.1659088134765625,63.22932243347168
2026-09-09T04:20:21.112965Z,v1000,RF_v1000,75.50418853759766,7.094860076904297,63.40932846069336
2026-09-09T04:20:23.181965Z,v1000,RF_v1000,82.1641731262207,7.198333740234375,69.96583938598633
2026-09-09T04:20:25.373399Z,v1000,RF_v1000,86.2833309173584,9.038448333740234,72.24488258361816
2026-09-09T04:20:27.458938Z,v1000,RF_v1000,78.94123077392578,7.833957672119141,66.10727310180664
2026-09-09T04:20:29.566887Z,v1000,RF_v1000,86.37011528015137,7.018566131591797,74.35154914855957
2026-09-09T04:20:31.753494Z,v1000,RF_v1000,83.70244979858398,7.827281951904297,70.87516784667969
2026-09-09T04:20:33.974174Z,v1000,RF_v1000,77.64971733093262,7.683753967285156,64.96596336364746
2026-09-09T04:20:36.246953Z,v1000,RF_v1000,83.34601402282715,6.458282470703125,71.88773155212402
2026-09-09T04:20:38.317247Z,v1000,RF_v1000,76.57158851623535,6.889104843139648,64.6824836730957
2026-09-09T04:20:40.358911Z,v1000,RF_v1000,86.33077621459961,7.537126541137695,73.79364967346191
2026-09-09T04:20:42.458398Z,v1000,RF_v1000,87.17668533325195,12.176752090454102,69.99993324279785
2026-09-09T04:20:44.538042Z,v1000,RF_v1000,75.37043571472168,7.572174072265625,62.798261642456055
2026-09-09T04:20:46.856982Z,v1000,RF_v1000,88.29987525939941,8.619546890258789,74.68032836914062
2026-09-09T04:20:49.006234Z,v1000,RF_v1000,81.81536674499512,11.981010437011719,64.8343563079834
2026-09-09T04:20:51.380092Z,v1000,RF_v1000,83.5684585571289,8.873224258422852,69.69523429870605
2026-09-09T04:20:53.518713Z,v1000,RF_v1000,80.04630088806152,6.43157958984375,68.61472129821777
2026-09-09T04:20:55.695650Z,v1000,RF_v1000,86.12311363220215,8.318185806274414,72.80492782592773
2026-09-09T04:20:58.005696Z,v1000,RF_v1000,91.49611473083496,8.785724639892578,77.71039009094238
2026-09-09T04:21:00.188065Z,v1000,RF_v1000,77.60394096374512,7.182836532592773,65.42110443115234
2026-09-09T04:21:02.538344Z,v1000,RF_v1000,81.87187194824219,8.065938949584961,68.80593299865723
2026-09-09T04:21:04.889463Z,v1000,RF_v1000,84.59651947021484,8.476018905639648,71.1205005645752
2026-09-09T04:21:06.986898Z,v1000,RF_v1000,81.60126686096191,8.526086807250977,68.07518005371094
2026-09-09T04:21:09.065362Z,v1000,RF_v1000,77.97325134277344,9.789705276489258,63.18354606628418
2026-09-09T04:21:11.345403Z,v1000,RF_v1000,78.58932495117188,8.416414260864258,65.17291069030762
2026-09-09T04:21:13.508526Z,v1000,RF_v1000,36.587839126586914,7.322549819946289,24.265289306640625
2026-09-09T04:21:15.663481Z,v1000,RF_v1000,32.603864669799805,11.26861572265625,16.335248947143555
2026-09-09T04:21:18.048840Z,v1000,RF_v1000,16.586427688598633,7.399559020996094,4.186868667602539
2026-09-09T04:22:42.735906Z,v1000,RF_v1000,18.58509063720703,4.33802604675293,9.247064590454102
2026-09-09T04:27:46.316020Z,v1000,RF_v1000,22.37189292907715,2.2125244140625,15.159368515014648
2026-09-09T04:29:01.010361Z,v1000,RF_v1000,14.163141250610352,0.0,9.163141250610352
2026-09-09T04:30:36.320480Z,v1000,RF_v1000,13.601665496826172,0.0,8.601665496826172
2026-09-09T06:13:14.283884Z,v1000,RF_v1000,12.26008415222168,0.0,7.26008415222168
2026-09-09T08:18:41.591613Z,v1000,RF_v1000,12.551431655883789,0.6034374237060547,6.947994232177734
2026-09-09T08:29:07.906774Z,v1000,RF_v1000,23.73572654724121,0.5357265472412109,18.2
2026-09-09T08:38:37.064615Z,v1000,RF_v1000,23.2,0.0,18.2
2026-09-09T08:41:44.361198Z,v1000,RF_v1000,23.2,0.0,18.2
